"","EventYear","yrID","Plot","Transect","Quadrat","quadnum"
"1",2007,1,"S01","A",1,1
"2",2007,1,"S01","A",2,2
"3",2007,1,"S01","A",3,3
"4",2007,1,"S01","A",4,4
"5",2007,1,"S01","A",5,5
"6",2007,1,"S01","B",1,6
"7",2007,1,"S01","B",2,7
"8",2007,1,"S01","B",3,8
"9",2007,1,"S01","B",4,9
"10",2007,1,"S01","B",5,10
"11",2007,1,"S01","C",1,11
"12",2007,1,"S01","C",2,12
"13",2007,1,"S01","C",3,13
"14",2007,1,"S01","C",4,14
"15",2007,1,"S01","C",5,15
"16",2008,2,"S01","A",1,1
"17",2008,2,"S01","A",2,2
"18",2008,2,"S01","A",3,3
"19",2008,2,"S01","A",4,4
"20",2008,2,"S01","A",5,5
"21",2008,2,"S01","B",1,6
"22",2008,2,"S01","B",2,7
"23",2008,2,"S01","B",3,8
"24",2008,2,"S01","B",4,9
"25",2008,2,"S01","B",5,10
"26",2008,2,"S01","C",1,11
"27",2008,2,"S01","C",2,12
"28",2008,2,"S01","C",3,13
"29",2008,2,"S01","C",4,14
"30",2008,2,"S01","C",5,15
"31",2009,3,"S01","A",1,1
"32",2009,3,"S01","A",2,2
"33",2009,3,"S01","A",3,3
"34",2009,3,"S01","A",4,4
"35",2009,3,"S01","A",5,5
"36",2009,3,"S01","B",1,6
"37",2009,3,"S01","B",2,7
"38",2009,3,"S01","B",3,8
"39",2009,3,"S01","B",4,9
"40",2009,3,"S01","B",5,10
"41",2009,3,"S01","C",1,11
"42",2009,3,"S01","C",2,12
"43",2009,3,"S01","C",3,13
"44",2009,3,"S01","C",4,14
"45",2009,3,"S01","C",5,15
"46",2011,5,"S01","A",1,1
"47",2011,5,"S01","A",2,2
"48",2011,5,"S01","A",3,3
"49",2011,5,"S01","A",4,4
"50",2011,5,"S01","A",5,5
"51",2011,5,"S01","B",1,6
"52",2011,5,"S01","B",2,7
"53",2011,5,"S01","B",3,8
"54",2011,5,"S01","B",4,9
"55",2011,5,"S01","B",5,10
"56",2011,5,"S01","C",1,11
"57",2011,5,"S01","C",2,12
"58",2011,5,"S01","C",3,13
"59",2011,5,"S01","C",4,14
"60",2011,5,"S01","C",5,15
"61",2013,6,"S01","A",1,1
"62",2013,6,"S01","A",2,2
"63",2013,6,"S01","A",3,3
"64",2013,6,"S01","A",4,4
"65",2013,6,"S01","A",5,5
"66",2013,6,"S01","B",1,6
"67",2013,6,"S01","B",2,7
"68",2013,6,"S01","B",3,8
"69",2013,6,"S01","B",4,9
"70",2013,6,"S01","B",5,10
"71",2013,6,"S01","C",1,11
"72",2013,6,"S01","C",2,12
"73",2013,6,"S01","C",3,13
"74",2013,6,"S01","C",4,14
"75",2013,6,"S01","C",5,15
"76",2017,8,"S01","A",1,1
"77",2017,8,"S01","A",2,2
"78",2017,8,"S01","A",3,3
"79",2017,8,"S01","A",4,4
"80",2017,8,"S01","A",5,5
"81",2017,8,"S01","B",1,6
"82",2017,8,"S01","B",2,7
"83",2017,8,"S01","B",3,8
"84",2017,8,"S01","B",4,9
"85",2017,8,"S01","B",5,10
"86",2017,8,"S01","C",1,11
"87",2017,8,"S01","C",2,12
"88",2017,8,"S01","C",3,13
"89",2017,8,"S01","C",4,14
"90",2017,8,"S01","C",5,15
"91",2019,9,"S01","A",1,1
"92",2019,9,"S01","A",2,2
"93",2019,9,"S01","A",3,3
"94",2019,9,"S01","A",4,4
"95",2019,9,"S01","A",5,5
"96",2019,9,"S01","B",1,6
"97",2019,9,"S01","B",2,7
"98",2019,9,"S01","B",3,8
"99",2019,9,"S01","B",4,9
"100",2019,9,"S01","B",5,10
"101",2019,9,"S01","C",1,11
"102",2019,9,"S01","C",2,12
"103",2019,9,"S01","C",3,13
"104",2019,9,"S01","C",4,14
"105",2019,9,"S01","C",5,15
"106",2007,1,"S02","A",1,16
"107",2007,1,"S02","A",2,17
"108",2007,1,"S02","A",3,18
"109",2007,1,"S02","A",4,19
"110",2007,1,"S02","A",5,20
"111",2007,1,"S02","B",1,21
"112",2007,1,"S02","B",2,22
"113",2007,1,"S02","B",3,23
"114",2007,1,"S02","B",4,24
"115",2007,1,"S02","B",5,25
"116",2007,1,"S02","C",1,26
"117",2007,1,"S02","C",2,27
"118",2007,1,"S02","C",3,28
"119",2007,1,"S02","C",4,29
"120",2007,1,"S02","C",5,30
"121",2008,2,"S02","A",1,16
"122",2008,2,"S02","A",2,17
"123",2008,2,"S02","A",3,18
"124",2008,2,"S02","A",4,19
"125",2008,2,"S02","A",5,20
"126",2008,2,"S02","B",1,21
"127",2008,2,"S02","B",2,22
"128",2008,2,"S02","B",3,23
"129",2008,2,"S02","B",4,24
"130",2008,2,"S02","B",5,25
"131",2008,2,"S02","C",1,26
"132",2008,2,"S02","C",2,27
"133",2008,2,"S02","C",3,28
"134",2008,2,"S02","C",4,29
"135",2008,2,"S02","C",5,30
"136",2009,3,"S02","A",1,16
"137",2009,3,"S02","A",2,17
"138",2009,3,"S02","A",3,18
"139",2009,3,"S02","A",4,19
"140",2009,3,"S02","A",5,20
"141",2009,3,"S02","B",1,21
"142",2009,3,"S02","B",2,22
"143",2009,3,"S02","B",3,23
"144",2009,3,"S02","B",4,24
"145",2009,3,"S02","B",5,25
"146",2009,3,"S02","C",1,26
"147",2009,3,"S02","C",2,27
"148",2009,3,"S02","C",3,28
"149",2009,3,"S02","C",4,29
"150",2009,3,"S02","C",5,30
"151",2011,5,"S02","A",1,16
"152",2011,5,"S02","A",2,17
"153",2011,5,"S02","A",3,18
"154",2011,5,"S02","A",4,19
"155",2011,5,"S02","A",5,20
"156",2011,5,"S02","B",1,21
"157",2011,5,"S02","B",2,22
"158",2011,5,"S02","B",3,23
"159",2011,5,"S02","B",4,24
"160",2011,5,"S02","B",5,25
"161",2011,5,"S02","C",1,26
"162",2011,5,"S02","C",2,27
"163",2011,5,"S02","C",3,28
"164",2011,5,"S02","C",4,29
"165",2011,5,"S02","C",5,30
"166",2013,6,"S02","A",1,16
"167",2013,6,"S02","A",2,17
"168",2013,6,"S02","A",3,18
"169",2013,6,"S02","A",4,19
"170",2013,6,"S02","A",5,20
"171",2013,6,"S02","B",1,21
"172",2013,6,"S02","B",2,22
"173",2013,6,"S02","B",3,23
"174",2013,6,"S02","B",4,24
"175",2013,6,"S02","B",5,25
"176",2013,6,"S02","C",1,26
"177",2013,6,"S02","C",2,27
"178",2013,6,"S02","C",3,28
"179",2013,6,"S02","C",4,29
"180",2013,6,"S02","C",5,30
"181",2015,7,"S02","A",1,1
"182",2015,7,"S02","A",2,2
"183",2015,7,"S02","A",3,3
"184",2015,7,"S02","A",4,4
"185",2015,7,"S02","A",5,5
"186",2015,7,"S02","B",1,6
"187",2015,7,"S02","B",2,7
"188",2015,7,"S02","B",3,8
"189",2015,7,"S02","B",4,9
"190",2015,7,"S02","B",5,10
"191",2015,7,"S02","C",1,11
"192",2015,7,"S02","C",2,12
"193",2015,7,"S02","C",3,13
"194",2015,7,"S02","C",4,14
"195",2015,7,"S02","C",5,15
"196",2019,9,"S02","A",1,16
"197",2019,9,"S02","A",2,17
"198",2019,9,"S02","A",3,18
"199",2019,9,"S02","A",4,19
"200",2019,9,"S02","A",5,20
"201",2019,9,"S02","B",1,21
"202",2019,9,"S02","B",2,22
"203",2019,9,"S02","B",3,23
"204",2019,9,"S02","B",4,24
"205",2019,9,"S02","B",5,25
"206",2019,9,"S02","C",1,26
"207",2019,9,"S02","C",2,27
"208",2019,9,"S02","C",3,28
"209",2019,9,"S02","C",4,29
"210",2019,9,"S02","C",5,30
"211",2022,10,"S02","A",1,1
"212",2022,10,"S02","A",2,2
"213",2022,10,"S02","A",3,3
"214",2022,10,"S02","A",4,4
"215",2022,10,"S02","A",5,5
"216",2022,10,"S02","B",1,6
"217",2022,10,"S02","B",2,7
"218",2022,10,"S02","B",3,8
"219",2022,10,"S02","B",4,9
"220",2022,10,"S02","B",5,10
"221",2022,10,"S02","C",1,11
"222",2022,10,"S02","C",2,12
"223",2022,10,"S02","C",3,13
"224",2022,10,"S02","C",4,14
"225",2022,10,"S02","C",5,15
"226",2007,1,"S03","A",1,31
"227",2007,1,"S03","A",2,32
"228",2007,1,"S03","A",3,33
"229",2007,1,"S03","A",4,34
"230",2007,1,"S03","A",5,35
"231",2007,1,"S03","B",1,36
"232",2007,1,"S03","B",2,37
"233",2007,1,"S03","B",3,38
"234",2007,1,"S03","B",4,39
"235",2007,1,"S03","B",5,40
"236",2007,1,"S03","C",1,41
"237",2007,1,"S03","C",2,42
"238",2007,1,"S03","C",3,43
"239",2007,1,"S03","C",4,44
"240",2007,1,"S03","C",5,45
"241",2008,2,"S03","A",1,31
"242",2008,2,"S03","A",2,32
"243",2008,2,"S03","A",3,33
"244",2008,2,"S03","A",4,34
"245",2008,2,"S03","A",5,35
"246",2008,2,"S03","B",1,36
"247",2008,2,"S03","B",2,37
"248",2008,2,"S03","B",3,38
"249",2008,2,"S03","B",4,39
"250",2008,2,"S03","B",5,40
"251",2008,2,"S03","C",1,41
"252",2008,2,"S03","C",2,42
"253",2008,2,"S03","C",3,43
"254",2008,2,"S03","C",4,44
"255",2008,2,"S03","C",5,45
"256",2009,3,"S03","A",1,31
"257",2009,3,"S03","A",2,32
"258",2009,3,"S03","A",3,33
"259",2009,3,"S03","A",4,34
"260",2009,3,"S03","A",5,35
"261",2009,3,"S03","B",1,36
"262",2009,3,"S03","B",2,37
"263",2009,3,"S03","B",3,38
"264",2009,3,"S03","B",4,39
"265",2009,3,"S03","B",5,40
"266",2009,3,"S03","C",1,41
"267",2009,3,"S03","C",2,42
"268",2009,3,"S03","C",3,43
"269",2009,3,"S03","C",4,44
"270",2009,3,"S03","C",5,45
"271",2011,5,"S03","A",1,31
"272",2011,5,"S03","A",2,32
"273",2011,5,"S03","A",3,33
"274",2011,5,"S03","A",4,34
"275",2011,5,"S03","A",5,35
"276",2011,5,"S03","B",1,36
"277",2011,5,"S03","B",2,37
"278",2011,5,"S03","B",3,38
"279",2011,5,"S03","B",4,39
"280",2011,5,"S03","B",5,40
"281",2011,5,"S03","C",1,41
"282",2011,5,"S03","C",2,42
"283",2011,5,"S03","C",3,43
"284",2011,5,"S03","C",4,44
"285",2011,5,"S03","C",5,45
"286",2013,6,"S03","A",1,31
"287",2013,6,"S03","A",2,32
"288",2013,6,"S03","A",3,33
"289",2013,6,"S03","A",4,34
"290",2013,6,"S03","A",5,35
"291",2013,6,"S03","B",1,36
"292",2013,6,"S03","B",2,37
"293",2013,6,"S03","B",3,38
"294",2013,6,"S03","B",4,39
"295",2013,6,"S03","B",5,40
"296",2013,6,"S03","C",1,41
"297",2013,6,"S03","C",2,42
"298",2013,6,"S03","C",3,43
"299",2013,6,"S03","C",4,44
"300",2013,6,"S03","C",5,45
"301",2017,8,"S03","A",1,16
"302",2017,8,"S03","A",2,17
"303",2017,8,"S03","A",3,18
"304",2017,8,"S03","A",4,19
"305",2017,8,"S03","A",5,20
"306",2017,8,"S03","B",1,21
"307",2017,8,"S03","B",2,22
"308",2017,8,"S03","B",3,23
"309",2017,8,"S03","B",4,24
"310",2017,8,"S03","B",5,25
"311",2017,8,"S03","C",1,26
"312",2017,8,"S03","C",2,27
"313",2017,8,"S03","C",3,28
"314",2017,8,"S03","C",4,29
"315",2017,8,"S03","C",5,30
"316",2019,9,"S03","A",1,31
"317",2019,9,"S03","A",2,32
"318",2019,9,"S03","A",3,33
"319",2019,9,"S03","A",4,34
"320",2019,9,"S03","A",5,35
"321",2019,9,"S03","B",1,36
"322",2019,9,"S03","B",2,37
"323",2019,9,"S03","B",3,38
"324",2019,9,"S03","B",4,39
"325",2019,9,"S03","B",5,40
"326",2019,9,"S03","C",1,41
"327",2019,9,"S03","C",2,42
"328",2019,9,"S03","C",3,43
"329",2019,9,"S03","C",4,44
"330",2019,9,"S03","C",5,45
"331",2007,1,"S04","A",1,46
"332",2007,1,"S04","A",2,47
"333",2007,1,"S04","A",3,48
"334",2007,1,"S04","A",4,49
"335",2007,1,"S04","A",5,50
"336",2007,1,"S04","B",1,51
"337",2007,1,"S04","B",2,52
"338",2007,1,"S04","B",3,53
"339",2007,1,"S04","B",4,54
"340",2007,1,"S04","B",5,55
"341",2007,1,"S04","C",1,56
"342",2007,1,"S04","C",2,57
"343",2007,1,"S04","C",3,58
"344",2007,1,"S04","C",4,59
"345",2007,1,"S04","C",5,60
"346",2015,7,"S04","A",1,16
"347",2015,7,"S04","A",2,17
"348",2015,7,"S04","A",3,18
"349",2015,7,"S04","A",4,19
"350",2015,7,"S04","A",5,20
"351",2015,7,"S04","B",1,21
"352",2015,7,"S04","B",2,22
"353",2015,7,"S04","B",3,23
"354",2015,7,"S04","B",4,24
"355",2015,7,"S04","B",5,25
"356",2015,7,"S04","C",1,26
"357",2015,7,"S04","C",2,27
"358",2015,7,"S04","C",3,28
"359",2015,7,"S04","C",4,29
"360",2015,7,"S04","C",5,30
"361",2017,8,"S04","A",1,31
"362",2017,8,"S04","A",2,32
"363",2017,8,"S04","A",3,33
"364",2017,8,"S04","A",4,34
"365",2017,8,"S04","A",5,35
"366",2017,8,"S04","B",1,36
"367",2017,8,"S04","B",2,37
"368",2017,8,"S04","B",3,38
"369",2017,8,"S04","B",4,39
"370",2017,8,"S04","B",5,40
"371",2017,8,"S04","C",1,41
"372",2017,8,"S04","C",2,42
"373",2017,8,"S04","C",3,43
"374",2017,8,"S04","C",4,44
"375",2017,8,"S04","C",5,45
"376",2007,1,"S05","A",1,61
"377",2007,1,"S05","A",2,62
"378",2007,1,"S05","A",3,63
"379",2007,1,"S05","A",4,64
"380",2007,1,"S05","A",5,65
"381",2007,1,"S05","B",1,66
"382",2007,1,"S05","B",2,67
"383",2007,1,"S05","B",3,68
"384",2007,1,"S05","B",4,69
"385",2007,1,"S05","B",5,70
"386",2007,1,"S05","C",1,71
"387",2007,1,"S05","C",2,72
"388",2007,1,"S05","C",3,73
"389",2007,1,"S05","C",4,74
"390",2007,1,"S05","C",5,75
"391",2015,7,"S05","A",1,31
"392",2015,7,"S05","A",2,32
"393",2015,7,"S05","A",3,33
"394",2015,7,"S05","A",4,34
"395",2015,7,"S05","A",5,35
"396",2015,7,"S05","B",1,36
"397",2015,7,"S05","B",2,37
"398",2015,7,"S05","B",3,38
"399",2015,7,"S05","B",4,39
"400",2015,7,"S05","B",5,40
"401",2015,7,"S05","C",1,41
"402",2015,7,"S05","C",2,42
"403",2015,7,"S05","C",3,43
"404",2015,7,"S05","C",4,44
"405",2015,7,"S05","C",5,45
"406",2017,8,"S05","A",1,46
"407",2017,8,"S05","A",2,47
"408",2017,8,"S05","A",3,48
"409",2017,8,"S05","A",4,49
"410",2017,8,"S05","A",5,50
"411",2017,8,"S05","B",1,51
"412",2017,8,"S05","B",2,52
"413",2017,8,"S05","B",3,53
"414",2017,8,"S05","B",4,54
"415",2017,8,"S05","B",5,55
"416",2017,8,"S05","C",1,56
"417",2017,8,"S05","C",2,57
"418",2017,8,"S05","C",3,58
"419",2017,8,"S05","C",4,59
"420",2017,8,"S05","C",5,60
"421",2022,10,"S05","A",1,16
"422",2022,10,"S05","A",2,17
"423",2022,10,"S05","A",3,18
"424",2022,10,"S05","A",4,19
"425",2022,10,"S05","A",5,20
"426",2022,10,"S05","B",1,21
"427",2022,10,"S05","B",2,22
"428",2022,10,"S05","B",3,23
"429",2022,10,"S05","B",4,24
"430",2022,10,"S05","B",5,25
"431",2022,10,"S05","C",1,26
"432",2022,10,"S05","C",2,27
"433",2022,10,"S05","C",3,28
"434",2022,10,"S05","C",4,29
"435",2022,10,"S05","C",5,30
"436",2010,4,"S06","A",1,1
"437",2010,4,"S06","A",2,2
"438",2010,4,"S06","A",3,3
"439",2010,4,"S06","A",4,4
"440",2010,4,"S06","A",5,5
"441",2010,4,"S06","B",1,6
"442",2010,4,"S06","B",2,7
"443",2010,4,"S06","B",3,8
"444",2010,4,"S06","B",4,9
"445",2010,4,"S06","B",5,10
"446",2010,4,"S06","C",1,11
"447",2010,4,"S06","C",2,12
"448",2010,4,"S06","C",3,13
"449",2010,4,"S06","C",4,14
"450",2010,4,"S06","C",5,15
"451",2013,6,"S06","A",1,46
"452",2013,6,"S06","A",2,47
"453",2013,6,"S06","A",3,48
"454",2013,6,"S06","A",4,49
"455",2013,6,"S06","A",5,50
"456",2013,6,"S06","B",1,51
"457",2013,6,"S06","B",2,52
"458",2013,6,"S06","B",3,53
"459",2013,6,"S06","B",4,54
"460",2013,6,"S06","B",5,55
"461",2013,6,"S06","C",1,56
"462",2013,6,"S06","C",2,57
"463",2013,6,"S06","C",3,58
"464",2013,6,"S06","C",4,59
"465",2013,6,"S06","C",5,60
"466",2017,8,"S06","A",1,61
"467",2017,8,"S06","A",2,62
"468",2017,8,"S06","A",3,63
"469",2017,8,"S06","A",4,64
"470",2017,8,"S06","A",5,65
"471",2017,8,"S06","B",1,66
"472",2017,8,"S06","B",2,67
"473",2017,8,"S06","B",3,68
"474",2017,8,"S06","B",4,69
"475",2017,8,"S06","B",5,70
"476",2017,8,"S06","C",1,71
"477",2017,8,"S06","C",2,72
"478",2017,8,"S06","C",3,73
"479",2017,8,"S06","C",4,74
"480",2017,8,"S06","C",5,75
"481",2019,9,"S06","A",1,46
"482",2019,9,"S06","A",2,47
"483",2019,9,"S06","A",3,48
"484",2019,9,"S06","A",4,49
"485",2019,9,"S06","A",5,50
"486",2019,9,"S06","B",1,51
"487",2019,9,"S06","B",2,52
"488",2019,9,"S06","B",3,53
"489",2019,9,"S06","B",4,54
"490",2019,9,"S06","B",5,55
"491",2019,9,"S06","C",1,56
"492",2019,9,"S06","C",2,57
"493",2019,9,"S06","C",3,58
"494",2019,9,"S06","C",4,59
"495",2019,9,"S06","C",5,60
"496",2007,1,"S07","A",1,76
"497",2007,1,"S07","A",2,77
"498",2007,1,"S07","A",3,78
"499",2007,1,"S07","A",4,79
"500",2007,1,"S07","A",5,80
"501",2007,1,"S07","B",1,81
"502",2007,1,"S07","B",2,82
"503",2007,1,"S07","B",3,83
"504",2007,1,"S07","B",4,84
"505",2007,1,"S07","B",5,85
"506",2007,1,"S07","C",1,86
"507",2007,1,"S07","C",2,87
"508",2007,1,"S07","C",3,88
"509",2007,1,"S07","C",4,89
"510",2007,1,"S07","C",5,90
"511",2008,2,"S07","A",1,46
"512",2008,2,"S07","A",2,47
"513",2008,2,"S07","A",3,48
"514",2008,2,"S07","A",4,49
"515",2008,2,"S07","A",5,50
"516",2008,2,"S07","B",1,51
"517",2008,2,"S07","B",2,52
"518",2008,2,"S07","B",3,53
"519",2008,2,"S07","B",4,54
"520",2008,2,"S07","B",5,55
"521",2008,2,"S07","C",1,56
"522",2008,2,"S07","C",2,57
"523",2008,2,"S07","C",3,58
"524",2008,2,"S07","C",4,59
"525",2008,2,"S07","C",5,60
"526",2009,3,"S07","A",1,46
"527",2009,3,"S07","A",2,47
"528",2009,3,"S07","A",3,48
"529",2009,3,"S07","A",4,49
"530",2009,3,"S07","A",5,50
"531",2009,3,"S07","B",1,51
"532",2009,3,"S07","B",2,52
"533",2009,3,"S07","B",3,53
"534",2009,3,"S07","B",4,54
"535",2009,3,"S07","B",5,55
"536",2009,3,"S07","C",1,56
"537",2009,3,"S07","C",2,57
"538",2009,3,"S07","C",3,58
"539",2009,3,"S07","C",4,59
"540",2009,3,"S07","C",5,60
"541",2011,5,"S07","A",1,46
"542",2011,5,"S07","A",2,47
"543",2011,5,"S07","A",3,48
"544",2011,5,"S07","A",4,49
"545",2011,5,"S07","A",5,50
"546",2011,5,"S07","B",1,51
"547",2011,5,"S07","B",2,52
"548",2011,5,"S07","B",3,53
"549",2011,5,"S07","B",4,54
"550",2011,5,"S07","B",5,55
"551",2011,5,"S07","C",1,56
"552",2011,5,"S07","C",2,57
"553",2011,5,"S07","C",3,58
"554",2011,5,"S07","C",4,59
"555",2011,5,"S07","C",5,60
"556",2013,6,"S07","A",1,61
"557",2013,6,"S07","A",2,62
"558",2013,6,"S07","A",3,63
"559",2013,6,"S07","A",4,64
"560",2013,6,"S07","A",5,65
"561",2013,6,"S07","B",1,66
"562",2013,6,"S07","B",2,67
"563",2013,6,"S07","B",3,68
"564",2013,6,"S07","B",4,69
"565",2013,6,"S07","B",5,70
"566",2013,6,"S07","C",1,71
"567",2013,6,"S07","C",2,72
"568",2013,6,"S07","C",3,73
"569",2013,6,"S07","C",4,74
"570",2013,6,"S07","C",5,75
"571",2017,8,"S07","A",1,76
"572",2017,8,"S07","A",2,77
"573",2017,8,"S07","A",3,78
"574",2017,8,"S07","A",4,79
"575",2017,8,"S07","A",5,80
"576",2017,8,"S07","B",1,81
"577",2017,8,"S07","B",2,82
"578",2017,8,"S07","B",3,83
"579",2017,8,"S07","B",4,84
"580",2017,8,"S07","B",5,85
"581",2017,8,"S07","C",1,86
"582",2017,8,"S07","C",2,87
"583",2017,8,"S07","C",3,88
"584",2017,8,"S07","C",4,89
"585",2017,8,"S07","C",5,90
"586",2019,9,"S07","A",1,61
"587",2019,9,"S07","A",2,62
"588",2019,9,"S07","A",3,63
"589",2019,9,"S07","A",4,64
"590",2019,9,"S07","A",5,65
"591",2019,9,"S07","B",1,66
"592",2019,9,"S07","B",2,67
"593",2019,9,"S07","B",3,68
"594",2019,9,"S07","B",4,69
"595",2019,9,"S07","B",5,70
"596",2019,9,"S07","C",1,71
"597",2019,9,"S07","C",2,72
"598",2019,9,"S07","C",3,73
"599",2019,9,"S07","C",4,74
"600",2019,9,"S07","C",5,75
"601",2007,1,"S08","A",1,91
"602",2007,1,"S08","A",2,92
"603",2007,1,"S08","A",3,93
"604",2007,1,"S08","A",4,94
"605",2007,1,"S08","A",5,95
"606",2007,1,"S08","B",1,96
"607",2007,1,"S08","B",2,97
"608",2007,1,"S08","B",3,98
"609",2007,1,"S08","B",4,99
"610",2007,1,"S08","B",5,100
"611",2007,1,"S08","C",1,101
"612",2007,1,"S08","C",2,102
"613",2007,1,"S08","C",3,103
"614",2007,1,"S08","C",4,104
"615",2007,1,"S08","C",5,105
"616",2015,7,"S08","A",1,46
"617",2015,7,"S08","A",2,47
"618",2015,7,"S08","A",3,48
"619",2015,7,"S08","A",4,49
"620",2015,7,"S08","A",5,50
"621",2015,7,"S08","B",1,51
"622",2015,7,"S08","B",2,52
"623",2015,7,"S08","B",3,53
"624",2015,7,"S08","B",4,54
"625",2015,7,"S08","B",5,55
"626",2015,7,"S08","C",1,56
"627",2015,7,"S08","C",2,57
"628",2015,7,"S08","C",3,58
"629",2015,7,"S08","C",4,59
"630",2015,7,"S08","C",5,60
"631",2017,8,"S08","A",1,91
"632",2017,8,"S08","A",2,92
"633",2017,8,"S08","A",3,93
"634",2017,8,"S08","A",4,94
"635",2017,8,"S08","A",5,95
"636",2017,8,"S08","B",1,96
"637",2017,8,"S08","B",2,97
"638",2017,8,"S08","B",3,98
"639",2017,8,"S08","B",4,99
"640",2017,8,"S08","B",5,100
"641",2017,8,"S08","C",1,101
"642",2017,8,"S08","C",2,102
"643",2017,8,"S08","C",3,103
"644",2017,8,"S08","C",4,104
"645",2017,8,"S08","C",5,105
"646",2022,10,"S08","A",1,31
"647",2022,10,"S08","A",2,32
"648",2022,10,"S08","A",3,33
"649",2022,10,"S08","A",4,34
"650",2022,10,"S08","A",5,35
"651",2022,10,"S08","B",1,36
"652",2022,10,"S08","B",2,37
"653",2022,10,"S08","B",3,38
"654",2022,10,"S08","B",4,39
"655",2022,10,"S08","B",5,40
"656",2022,10,"S08","C",1,41
"657",2022,10,"S08","C",2,42
"658",2022,10,"S08","C",3,43
"659",2022,10,"S08","C",4,44
"660",2022,10,"S08","C",5,45
"661",2007,1,"S09","A",1,106
"662",2007,1,"S09","A",2,107
"663",2007,1,"S09","A",3,108
"664",2007,1,"S09","A",4,109
"665",2007,1,"S09","A",5,110
"666",2007,1,"S09","B",1,111
"667",2007,1,"S09","B",2,112
"668",2007,1,"S09","B",3,113
"669",2007,1,"S09","B",4,114
"670",2007,1,"S09","B",5,115
"671",2007,1,"S09","C",1,116
"672",2007,1,"S09","C",2,117
"673",2007,1,"S09","C",3,118
"674",2007,1,"S09","C",4,119
"675",2007,1,"S09","C",5,120
"676",2015,7,"S09","A",1,61
"677",2015,7,"S09","A",2,62
"678",2015,7,"S09","A",3,63
"679",2015,7,"S09","A",4,64
"680",2015,7,"S09","A",5,65
"681",2015,7,"S09","B",1,66
"682",2015,7,"S09","B",2,67
"683",2015,7,"S09","B",3,68
"684",2015,7,"S09","B",4,69
"685",2015,7,"S09","B",5,70
"686",2015,7,"S09","C",1,71
"687",2015,7,"S09","C",2,72
"688",2015,7,"S09","C",3,73
"689",2015,7,"S09","C",4,74
"690",2015,7,"S09","C",5,75
"691",2017,8,"S09","A",1,106
"692",2017,8,"S09","A",2,107
"693",2017,8,"S09","A",3,108
"694",2017,8,"S09","A",4,109
"695",2017,8,"S09","A",5,110
"696",2017,8,"S09","B",1,111
"697",2017,8,"S09","B",2,112
"698",2017,8,"S09","B",3,113
"699",2017,8,"S09","B",4,114
"700",2017,8,"S09","B",5,115
"701",2017,8,"S09","C",1,116
"702",2017,8,"S09","C",2,117
"703",2017,8,"S09","C",3,118
"704",2017,8,"S09","C",4,119
"705",2017,8,"S09","C",5,120
"706",2022,10,"S09","A",1,46
"707",2022,10,"S09","A",2,47
"708",2022,10,"S09","A",3,48
"709",2022,10,"S09","A",4,49
"710",2022,10,"S09","A",5,50
"711",2022,10,"S09","B",1,51
"712",2022,10,"S09","B",2,52
"713",2022,10,"S09","B",3,53
"714",2022,10,"S09","B",4,54
"715",2022,10,"S09","B",5,55
"716",2022,10,"S09","C",1,56
"717",2022,10,"S09","C",2,57
"718",2022,10,"S09","C",3,58
"719",2022,10,"S09","C",4,59
"720",2022,10,"S09","C",5,60
"721",2007,1,"S10","A",1,121
"722",2007,1,"S10","A",2,122
"723",2007,1,"S10","A",3,123
"724",2007,1,"S10","A",4,124
"725",2007,1,"S10","A",5,125
"726",2007,1,"S10","B",1,126
"727",2007,1,"S10","B",2,127
"728",2007,1,"S10","B",3,128
"729",2007,1,"S10","B",4,129
"730",2007,1,"S10","B",5,130
"731",2007,1,"S10","C",1,131
"732",2007,1,"S10","C",2,132
"733",2007,1,"S10","C",3,133
"734",2007,1,"S10","C",4,134
"735",2007,1,"S10","C",5,135
"736",2008,2,"S10","A",1,61
"737",2008,2,"S10","A",2,62
"738",2008,2,"S10","A",3,63
"739",2008,2,"S10","A",4,64
"740",2008,2,"S10","A",5,65
"741",2008,2,"S10","B",1,66
"742",2008,2,"S10","B",2,67
"743",2008,2,"S10","B",3,68
"744",2008,2,"S10","B",4,69
"745",2008,2,"S10","B",5,70
"746",2008,2,"S10","C",1,71
"747",2008,2,"S10","C",2,72
"748",2008,2,"S10","C",3,73
"749",2008,2,"S10","C",4,74
"750",2008,2,"S10","C",5,75
"751",2009,3,"S10","A",1,61
"752",2009,3,"S10","A",2,62
"753",2009,3,"S10","A",3,63
"754",2009,3,"S10","A",4,64
"755",2009,3,"S10","A",5,65
"756",2009,3,"S10","B",1,66
"757",2009,3,"S10","B",2,67
"758",2009,3,"S10","B",3,68
"759",2009,3,"S10","B",4,69
"760",2009,3,"S10","B",5,70
"761",2009,3,"S10","C",1,71
"762",2009,3,"S10","C",2,72
"763",2009,3,"S10","C",3,73
"764",2009,3,"S10","C",4,74
"765",2009,3,"S10","C",5,75
"766",2011,5,"S10","A",1,61
"767",2011,5,"S10","A",2,62
"768",2011,5,"S10","A",3,63
"769",2011,5,"S10","A",4,64
"770",2011,5,"S10","A",5,65
"771",2011,5,"S10","B",1,66
"772",2011,5,"S10","B",2,67
"773",2011,5,"S10","B",3,68
"774",2011,5,"S10","B",4,69
"775",2011,5,"S10","B",5,70
"776",2011,5,"S10","C",1,71
"777",2011,5,"S10","C",2,72
"778",2011,5,"S10","C",3,73
"779",2011,5,"S10","C",4,74
"780",2011,5,"S10","C",5,75
"781",2013,6,"S10","A",1,76
"782",2013,6,"S10","A",2,77
"783",2013,6,"S10","A",3,78
"784",2013,6,"S10","A",4,79
"785",2013,6,"S10","A",5,80
"786",2013,6,"S10","B",1,81
"787",2013,6,"S10","B",2,82
"788",2013,6,"S10","B",3,83
"789",2013,6,"S10","B",4,84
"790",2013,6,"S10","B",5,85
"791",2013,6,"S10","C",1,86
"792",2013,6,"S10","C",2,87
"793",2013,6,"S10","C",3,88
"794",2013,6,"S10","C",4,89
"795",2013,6,"S10","C",5,90
"796",2015,7,"S10","A",1,76
"797",2015,7,"S10","A",2,77
"798",2015,7,"S10","A",3,78
"799",2015,7,"S10","A",4,79
"800",2015,7,"S10","A",5,80
"801",2015,7,"S10","B",1,81
"802",2015,7,"S10","B",2,82
"803",2015,7,"S10","B",3,83
"804",2015,7,"S10","B",4,84
"805",2015,7,"S10","B",5,85
"806",2015,7,"S10","C",1,86
"807",2015,7,"S10","C",2,87
"808",2015,7,"S10","C",3,88
"809",2015,7,"S10","C",4,89
"810",2015,7,"S10","C",5,90
"811",2019,9,"S10","A",1,76
"812",2019,9,"S10","A",2,77
"813",2019,9,"S10","A",3,78
"814",2019,9,"S10","A",4,79
"815",2019,9,"S10","A",5,80
"816",2019,9,"S10","B",1,81
"817",2019,9,"S10","B",2,82
"818",2019,9,"S10","B",3,83
"819",2019,9,"S10","B",4,84
"820",2019,9,"S10","B",5,85
"821",2019,9,"S10","C",1,86
"822",2019,9,"S10","C",2,87
"823",2019,9,"S10","C",3,88
"824",2019,9,"S10","C",4,89
"825",2019,9,"S10","C",5,90
"826",2022,10,"S10","A",1,61
"827",2022,10,"S10","A",2,62
"828",2022,10,"S10","A",3,63
"829",2022,10,"S10","A",4,64
"830",2022,10,"S10","A",5,65
"831",2022,10,"S10","B",1,66
"832",2022,10,"S10","B",2,67
"833",2022,10,"S10","B",3,68
"834",2022,10,"S10","B",4,69
"835",2022,10,"S10","B",5,70
"836",2022,10,"S10","C",1,71
"837",2022,10,"S10","C",2,72
"838",2022,10,"S10","C",3,73
"839",2022,10,"S10","C",4,74
"840",2022,10,"S10","C",5,75
"841",2007,1,"S11","A",1,136
"842",2007,1,"S11","A",2,137
"843",2007,1,"S11","A",3,138
"844",2007,1,"S11","A",4,139
"845",2007,1,"S11","A",5,140
"846",2007,1,"S11","B",1,141
"847",2007,1,"S11","B",2,142
"848",2007,1,"S11","B",3,143
"849",2007,1,"S11","B",4,144
"850",2007,1,"S11","B",5,145
"851",2007,1,"S11","C",1,146
"852",2007,1,"S11","C",2,147
"853",2007,1,"S11","C",3,148
"854",2007,1,"S11","C",4,149
"855",2007,1,"S11","C",5,150
"856",2008,2,"S11","A",1,76
"857",2008,2,"S11","A",2,77
"858",2008,2,"S11","A",3,78
"859",2008,2,"S11","A",4,79
"860",2008,2,"S11","A",5,80
"861",2008,2,"S11","B",1,81
"862",2008,2,"S11","B",2,82
"863",2008,2,"S11","B",3,83
"864",2008,2,"S11","B",4,84
"865",2008,2,"S11","B",5,85
"866",2008,2,"S11","C",1,86
"867",2008,2,"S11","C",2,87
"868",2008,2,"S11","C",3,88
"869",2008,2,"S11","C",4,89
"870",2008,2,"S11","C",5,90
"871",2009,3,"S11","A",1,76
"872",2009,3,"S11","A",2,77
"873",2009,3,"S11","A",3,78
"874",2009,3,"S11","A",4,79
"875",2009,3,"S11","A",5,80
"876",2009,3,"S11","B",1,81
"877",2009,3,"S11","B",2,82
"878",2009,3,"S11","B",3,83
"879",2009,3,"S11","B",4,84
"880",2009,3,"S11","B",5,85
"881",2009,3,"S11","C",1,86
"882",2009,3,"S11","C",2,87
"883",2009,3,"S11","C",3,88
"884",2009,3,"S11","C",4,89
"885",2009,3,"S11","C",5,90
"886",2011,5,"S11","A",1,76
"887",2011,5,"S11","A",2,77
"888",2011,5,"S11","A",3,78
"889",2011,5,"S11","A",4,79
"890",2011,5,"S11","A",5,80
"891",2011,5,"S11","B",1,81
"892",2011,5,"S11","B",2,82
"893",2011,5,"S11","B",3,83
"894",2011,5,"S11","B",4,84
"895",2011,5,"S11","B",5,85
"896",2011,5,"S11","C",1,86
"897",2011,5,"S11","C",2,87
"898",2011,5,"S11","C",3,88
"899",2011,5,"S11","C",4,89
"900",2011,5,"S11","C",5,90
"901",2013,6,"S11","A",1,91
"902",2013,6,"S11","A",2,92
"903",2013,6,"S11","A",3,93
"904",2013,6,"S11","A",4,94
"905",2013,6,"S11","A",5,95
"906",2013,6,"S11","B",1,96
"907",2013,6,"S11","B",2,97
"908",2013,6,"S11","B",3,98
"909",2013,6,"S11","B",4,99
"910",2013,6,"S11","B",5,100
"911",2013,6,"S11","C",1,101
"912",2013,6,"S11","C",2,102
"913",2013,6,"S11","C",3,103
"914",2013,6,"S11","C",4,104
"915",2013,6,"S11","C",5,105
"916",2017,8,"S11","A",1,121
"917",2017,8,"S11","A",2,122
"918",2017,8,"S11","A",3,123
"919",2017,8,"S11","A",4,124
"920",2017,8,"S11","A",5,125
"921",2017,8,"S11","B",1,126
"922",2017,8,"S11","B",2,127
"923",2017,8,"S11","B",3,128
"924",2017,8,"S11","B",4,129
"925",2017,8,"S11","B",5,130
"926",2017,8,"S11","C",1,131
"927",2017,8,"S11","C",2,132
"928",2017,8,"S11","C",3,133
"929",2017,8,"S11","C",4,134
"930",2017,8,"S11","C",5,135
"931",2019,9,"S11","A",1,91
"932",2019,9,"S11","A",2,92
"933",2019,9,"S11","A",3,93
"934",2019,9,"S11","A",4,94
"935",2019,9,"S11","A",5,95
"936",2019,9,"S11","B",1,96
"937",2019,9,"S11","B",2,97
"938",2019,9,"S11","B",3,98
"939",2019,9,"S11","B",4,99
"940",2019,9,"S11","B",5,100
"941",2019,9,"S11","C",1,101
"942",2019,9,"S11","C",2,102
"943",2019,9,"S11","C",3,103
"944",2019,9,"S11","C",4,104
"945",2019,9,"S11","C",5,105
"946",2007,1,"S12","A",1,151
"947",2007,1,"S12","A",2,152
"948",2007,1,"S12","A",3,153
"949",2007,1,"S12","A",4,154
"950",2007,1,"S12","A",5,155
"951",2007,1,"S12","B",1,156
"952",2007,1,"S12","B",2,157
"953",2007,1,"S12","B",3,158
"954",2007,1,"S12","B",4,159
"955",2007,1,"S12","B",5,160
"956",2007,1,"S12","C",1,161
"957",2007,1,"S12","C",2,162
"958",2007,1,"S12","C",3,163
"959",2007,1,"S12","C",4,164
"960",2007,1,"S12","C",5,165
"961",2013,6,"S12","A",1,106
"962",2013,6,"S12","A",2,107
"963",2013,6,"S12","A",3,108
"964",2013,6,"S12","A",4,109
"965",2013,6,"S12","A",5,110
"966",2013,6,"S12","B",1,111
"967",2013,6,"S12","B",2,112
"968",2013,6,"S12","B",3,113
"969",2013,6,"S12","B",4,114
"970",2013,6,"S12","B",5,115
"971",2013,6,"S12","C",1,116
"972",2013,6,"S12","C",2,117
"973",2013,6,"S12","C",3,118
"974",2013,6,"S12","C",4,119
"975",2013,6,"S12","C",5,120
"976",2015,7,"S12","A",1,91
"977",2015,7,"S12","A",2,92
"978",2015,7,"S12","A",3,93
"979",2015,7,"S12","A",4,94
"980",2015,7,"S12","A",5,95
"981",2015,7,"S12","B",1,96
"982",2015,7,"S12","B",2,97
"983",2015,7,"S12","B",3,98
"984",2015,7,"S12","B",4,99
"985",2015,7,"S12","B",5,100
"986",2015,7,"S12","C",1,101
"987",2015,7,"S12","C",2,102
"988",2015,7,"S12","C",3,103
"989",2015,7,"S12","C",4,104
"990",2015,7,"S12","C",5,105
"991",2019,9,"S12","A",1,106
"992",2019,9,"S12","A",2,107
"993",2019,9,"S12","A",3,108
"994",2019,9,"S12","A",4,109
"995",2019,9,"S12","A",5,110
"996",2019,9,"S12","B",1,111
"997",2019,9,"S12","B",2,112
"998",2019,9,"S12","B",3,113
"999",2019,9,"S12","B",4,114
"1000",2019,9,"S12","B",5,115
"1001",2019,9,"S12","C",1,116
"1002",2019,9,"S12","C",2,117
"1003",2019,9,"S12","C",3,118
"1004",2019,9,"S12","C",4,119
"1005",2019,9,"S12","C",5,120
"1006",2022,10,"S12","A",1,76
"1007",2022,10,"S12","A",2,77
"1008",2022,10,"S12","A",3,78
"1009",2022,10,"S12","A",4,79
"1010",2022,10,"S12","A",5,80
"1011",2022,10,"S12","B",1,81
"1012",2022,10,"S12","B",2,82
"1013",2022,10,"S12","B",3,83
"1014",2022,10,"S12","B",4,84
"1015",2022,10,"S12","B",5,85
"1016",2022,10,"S12","C",1,86
"1017",2022,10,"S12","C",2,87
"1018",2022,10,"S12","C",3,88
"1019",2022,10,"S12","C",4,89
"1020",2022,10,"S12","C",5,90
"1021",2007,1,"S13","A",1,166
"1022",2007,1,"S13","A",2,167
"1023",2007,1,"S13","A",3,168
"1024",2007,1,"S13","A",4,169
"1025",2007,1,"S13","A",5,170
"1026",2007,1,"S13","B",1,171
"1027",2007,1,"S13","B",2,172
"1028",2007,1,"S13","B",3,173
"1029",2007,1,"S13","B",4,174
"1030",2007,1,"S13","B",5,175
"1031",2007,1,"S13","C",1,176
"1032",2007,1,"S13","C",2,177
"1033",2007,1,"S13","C",3,178
"1034",2007,1,"S13","C",4,179
"1035",2007,1,"S13","C",5,180
"1036",2015,7,"S13","A",1,106
"1037",2015,7,"S13","A",2,107
"1038",2015,7,"S13","A",3,108
"1039",2015,7,"S13","A",4,109
"1040",2015,7,"S13","A",5,110
"1041",2015,7,"S13","B",1,111
"1042",2015,7,"S13","B",2,112
"1043",2015,7,"S13","B",3,113
"1044",2015,7,"S13","B",4,114
"1045",2015,7,"S13","B",5,115
"1046",2015,7,"S13","C",1,116
"1047",2015,7,"S13","C",2,117
"1048",2015,7,"S13","C",3,118
"1049",2015,7,"S13","C",4,119
"1050",2015,7,"S13","C",5,120
"1051",2017,8,"S13","A",1,136
"1052",2017,8,"S13","A",2,137
"1053",2017,8,"S13","A",3,138
"1054",2017,8,"S13","A",4,139
"1055",2017,8,"S13","A",5,140
"1056",2017,8,"S13","B",1,141
"1057",2017,8,"S13","B",2,142
"1058",2017,8,"S13","B",3,143
"1059",2017,8,"S13","B",4,144
"1060",2017,8,"S13","B",5,145
"1061",2017,8,"S13","C",1,146
"1062",2017,8,"S13","C",2,147
"1063",2017,8,"S13","C",3,148
"1064",2017,8,"S13","C",4,149
"1065",2017,8,"S13","C",5,150
"1066",2022,10,"S13","A",1,91
"1067",2022,10,"S13","A",2,92
"1068",2022,10,"S13","A",3,93
"1069",2022,10,"S13","A",4,94
"1070",2022,10,"S13","A",5,95
"1071",2022,10,"S13","B",1,96
"1072",2022,10,"S13","B",2,97
"1073",2022,10,"S13","B",3,98
"1074",2022,10,"S13","B",4,99
"1075",2022,10,"S13","B",5,100
"1076",2022,10,"S13","C",1,101
"1077",2022,10,"S13","C",2,102
"1078",2022,10,"S13","C",3,103
"1079",2022,10,"S13","C",4,104
"1080",2022,10,"S13","C",5,105
"1081",2007,1,"S14","A",1,181
"1082",2007,1,"S14","A",2,182
"1083",2007,1,"S14","A",3,183
"1084",2007,1,"S14","A",4,184
"1085",2007,1,"S14","A",5,185
"1086",2007,1,"S14","B",1,186
"1087",2007,1,"S14","B",2,187
"1088",2007,1,"S14","B",3,188
"1089",2007,1,"S14","B",4,189
"1090",2007,1,"S14","B",5,190
"1091",2007,1,"S14","C",1,191
"1092",2007,1,"S14","C",2,192
"1093",2007,1,"S14","C",3,193
"1094",2007,1,"S14","C",4,194
"1095",2007,1,"S14","C",5,195
"1096",2008,2,"S14","A",1,91
"1097",2008,2,"S14","A",2,92
"1098",2008,2,"S14","A",3,93
"1099",2008,2,"S14","A",4,94
"1100",2008,2,"S14","A",5,95
"1101",2008,2,"S14","B",1,96
"1102",2008,2,"S14","B",2,97
"1103",2008,2,"S14","B",3,98
"1104",2008,2,"S14","B",4,99
"1105",2008,2,"S14","B",5,100
"1106",2008,2,"S14","C",1,101
"1107",2008,2,"S14","C",2,102
"1108",2008,2,"S14","C",3,103
"1109",2008,2,"S14","C",4,104
"1110",2008,2,"S14","C",5,105
"1111",2009,3,"S14","A",1,91
"1112",2009,3,"S14","A",2,92
"1113",2009,3,"S14","A",3,93
"1114",2009,3,"S14","A",4,94
"1115",2009,3,"S14","A",5,95
"1116",2009,3,"S14","B",1,96
"1117",2009,3,"S14","B",2,97
"1118",2009,3,"S14","B",3,98
"1119",2009,3,"S14","B",4,99
"1120",2009,3,"S14","B",5,100
"1121",2009,3,"S14","C",1,101
"1122",2009,3,"S14","C",2,102
"1123",2009,3,"S14","C",3,103
"1124",2009,3,"S14","C",4,104
"1125",2009,3,"S14","C",5,105
"1126",2011,5,"S14","A",1,91
"1127",2011,5,"S14","A",2,92
"1128",2011,5,"S14","A",3,93
"1129",2011,5,"S14","A",4,94
"1130",2011,5,"S14","A",5,95
"1131",2011,5,"S14","B",1,96
"1132",2011,5,"S14","B",2,97
"1133",2011,5,"S14","B",3,98
"1134",2011,5,"S14","B",4,99
"1135",2011,5,"S14","B",5,100
"1136",2011,5,"S14","C",1,101
"1137",2011,5,"S14","C",2,102
"1138",2011,5,"S14","C",3,103
"1139",2011,5,"S14","C",4,104
"1140",2011,5,"S14","C",5,105
"1141",2013,6,"S14","A",1,121
"1142",2013,6,"S14","A",2,122
"1143",2013,6,"S14","A",3,123
"1144",2013,6,"S14","A",4,124
"1145",2013,6,"S14","A",5,125
"1146",2013,6,"S14","B",1,126
"1147",2013,6,"S14","B",2,127
"1148",2013,6,"S14","B",3,128
"1149",2013,6,"S14","B",4,129
"1150",2013,6,"S14","B",5,130
"1151",2013,6,"S14","C",1,131
"1152",2013,6,"S14","C",2,132
"1153",2013,6,"S14","C",3,133
"1154",2013,6,"S14","C",4,134
"1155",2013,6,"S14","C",5,135
"1156",2017,8,"S14","A",1,151
"1157",2017,8,"S14","A",2,152
"1158",2017,8,"S14","A",3,153
"1159",2017,8,"S14","A",4,154
"1160",2017,8,"S14","A",5,155
"1161",2017,8,"S14","B",1,156
"1162",2017,8,"S14","B",2,157
"1163",2017,8,"S14","B",3,158
"1164",2017,8,"S14","B",4,159
"1165",2017,8,"S14","B",5,160
"1166",2017,8,"S14","C",1,161
"1167",2017,8,"S14","C",2,162
"1168",2017,8,"S14","C",3,163
"1169",2017,8,"S14","C",4,164
"1170",2017,8,"S14","C",5,165
"1171",2019,9,"S14","A",1,121
"1172",2019,9,"S14","A",2,122
"1173",2019,9,"S14","A",3,123
"1174",2019,9,"S14","A",4,124
"1175",2019,9,"S14","A",5,125
"1176",2019,9,"S14","B",1,126
"1177",2019,9,"S14","B",2,127
"1178",2019,9,"S14","B",3,128
"1179",2019,9,"S14","B",4,129
"1180",2019,9,"S14","B",5,130
"1181",2019,9,"S14","C",1,131
"1182",2019,9,"S14","C",2,132
"1183",2019,9,"S14","C",3,133
"1184",2019,9,"S14","C",4,134
"1185",2019,9,"S14","C",5,135
"1186",2007,1,"S15","A",1,196
"1187",2007,1,"S15","A",2,197
"1188",2007,1,"S15","A",3,198
"1189",2007,1,"S15","A",4,199
"1190",2007,1,"S15","A",5,200
"1191",2007,1,"S15","B",1,201
"1192",2007,1,"S15","B",2,202
"1193",2007,1,"S15","B",3,203
"1194",2007,1,"S15","B",4,204
"1195",2007,1,"S15","B",5,205
"1196",2007,1,"S15","C",1,206
"1197",2007,1,"S15","C",2,207
"1198",2007,1,"S15","C",3,208
"1199",2007,1,"S15","C",4,209
"1200",2007,1,"S15","C",5,210
"1201",2015,7,"S15","A",1,121
"1202",2015,7,"S15","A",2,122
"1203",2015,7,"S15","A",3,123
"1204",2015,7,"S15","A",4,124
"1205",2015,7,"S15","A",5,125
"1206",2015,7,"S15","B",1,126
"1207",2015,7,"S15","B",2,127
"1208",2015,7,"S15","B",3,128
"1209",2015,7,"S15","B",4,129
"1210",2015,7,"S15","B",5,130
"1211",2015,7,"S15","C",1,131
"1212",2015,7,"S15","C",2,132
"1213",2015,7,"S15","C",3,133
"1214",2015,7,"S15","C",4,134
"1215",2015,7,"S15","C",5,135
"1216",2017,8,"S15","A",1,166
"1217",2017,8,"S15","A",2,167
"1218",2017,8,"S15","A",3,168
"1219",2017,8,"S15","A",4,169
"1220",2017,8,"S15","A",5,170
"1221",2017,8,"S15","B",1,171
"1222",2017,8,"S15","B",2,172
"1223",2017,8,"S15","B",3,173
"1224",2017,8,"S15","B",4,174
"1225",2017,8,"S15","B",5,175
"1226",2017,8,"S15","C",1,176
"1227",2017,8,"S15","C",2,177
"1228",2017,8,"S15","C",3,178
"1229",2017,8,"S15","C",4,179
"1230",2017,8,"S15","C",5,180
"1231",2022,10,"S15","A",1,106
"1232",2022,10,"S15","A",2,107
"1233",2022,10,"S15","A",3,108
"1234",2022,10,"S15","A",4,109
"1235",2022,10,"S15","A",5,110
"1236",2022,10,"S15","B",1,111
"1237",2022,10,"S15","B",2,112
"1238",2022,10,"S15","B",3,113
"1239",2022,10,"S15","B",4,114
"1240",2022,10,"S15","B",5,115
"1241",2022,10,"S15","C",1,116
"1242",2022,10,"S15","C",2,117
"1243",2022,10,"S15","C",3,118
"1244",2022,10,"S15","C",4,119
"1245",2022,10,"S15","C",5,120
"1246",2007,1,"S16","A",1,211
"1247",2007,1,"S16","A",2,212
"1248",2007,1,"S16","A",3,213
"1249",2007,1,"S16","A",4,214
"1250",2007,1,"S16","A",5,215
"1251",2007,1,"S16","B",1,216
"1252",2007,1,"S16","B",2,217
"1253",2007,1,"S16","B",3,218
"1254",2007,1,"S16","B",4,219
"1255",2007,1,"S16","B",5,220
"1256",2007,1,"S16","C",1,221
"1257",2007,1,"S16","C",2,222
"1258",2007,1,"S16","C",3,223
"1259",2007,1,"S16","C",4,224
"1260",2007,1,"S16","C",5,225
"1261",2008,2,"S16","A",1,106
"1262",2008,2,"S16","A",2,107
"1263",2008,2,"S16","A",3,108
"1264",2008,2,"S16","A",4,109
"1265",2008,2,"S16","A",5,110
"1266",2008,2,"S16","B",1,111
"1267",2008,2,"S16","B",2,112
"1268",2008,2,"S16","B",3,113
"1269",2008,2,"S16","B",4,114
"1270",2008,2,"S16","B",5,115
"1271",2008,2,"S16","C",1,116
"1272",2008,2,"S16","C",2,117
"1273",2008,2,"S16","C",3,118
"1274",2008,2,"S16","C",4,119
"1275",2008,2,"S16","C",5,120
"1276",2009,3,"S16","A",1,106
"1277",2009,3,"S16","A",2,107
"1278",2009,3,"S16","A",3,108
"1279",2009,3,"S16","A",4,109
"1280",2009,3,"S16","A",5,110
"1281",2009,3,"S16","B",1,111
"1282",2009,3,"S16","B",2,112
"1283",2009,3,"S16","B",3,113
"1284",2009,3,"S16","B",4,114
"1285",2009,3,"S16","B",5,115
"1286",2009,3,"S16","C",1,116
"1287",2009,3,"S16","C",2,117
"1288",2009,3,"S16","C",3,118
"1289",2009,3,"S16","C",4,119
"1290",2009,3,"S16","C",5,120
"1291",2011,5,"S16","A",1,106
"1292",2011,5,"S16","A",2,107
"1293",2011,5,"S16","A",3,108
"1294",2011,5,"S16","A",4,109
"1295",2011,5,"S16","A",5,110
"1296",2011,5,"S16","B",1,111
"1297",2011,5,"S16","B",2,112
"1298",2011,5,"S16","B",3,113
"1299",2011,5,"S16","B",4,114
"1300",2011,5,"S16","B",5,115
"1301",2011,5,"S16","C",1,116
"1302",2011,5,"S16","C",2,117
"1303",2011,5,"S16","C",3,118
"1304",2011,5,"S16","C",4,119
"1305",2011,5,"S16","C",5,120
"1306",2013,6,"S16","A",1,136
"1307",2013,6,"S16","A",2,137
"1308",2013,6,"S16","A",3,138
"1309",2013,6,"S16","A",4,139
"1310",2013,6,"S16","A",5,140
"1311",2013,6,"S16","B",1,141
"1312",2013,6,"S16","B",2,142
"1313",2013,6,"S16","B",3,143
"1314",2013,6,"S16","B",4,144
"1315",2013,6,"S16","B",5,145
"1316",2013,6,"S16","C",1,146
"1317",2013,6,"S16","C",2,147
"1318",2013,6,"S16","C",3,148
"1319",2013,6,"S16","C",4,149
"1320",2013,6,"S16","C",5,150
"1321",2015,7,"S16","A",1,136
"1322",2015,7,"S16","A",2,137
"1323",2015,7,"S16","A",3,138
"1324",2015,7,"S16","A",4,139
"1325",2015,7,"S16","A",5,140
"1326",2015,7,"S16","B",1,141
"1327",2015,7,"S16","B",2,142
"1328",2015,7,"S16","B",3,143
"1329",2015,7,"S16","B",4,144
"1330",2015,7,"S16","B",5,145
"1331",2015,7,"S16","C",1,146
"1332",2015,7,"S16","C",2,147
"1333",2015,7,"S16","C",3,148
"1334",2015,7,"S16","C",4,149
"1335",2015,7,"S16","C",5,150
"1336",2019,9,"S16","A",1,136
"1337",2019,9,"S16","A",2,137
"1338",2019,9,"S16","A",3,138
"1339",2019,9,"S16","A",4,139
"1340",2019,9,"S16","A",5,140
"1341",2019,9,"S16","B",1,141
"1342",2019,9,"S16","B",2,142
"1343",2019,9,"S16","B",3,143
"1344",2019,9,"S16","B",4,144
"1345",2019,9,"S16","B",5,145
"1346",2019,9,"S16","C",1,146
"1347",2019,9,"S16","C",2,147
"1348",2019,9,"S16","C",3,148
"1349",2019,9,"S16","C",4,149
"1350",2019,9,"S16","C",5,150
"1351",2022,10,"S16","A",1,121
"1352",2022,10,"S16","A",2,122
"1353",2022,10,"S16","A",3,123
"1354",2022,10,"S16","A",4,124
"1355",2022,10,"S16","A",5,125
"1356",2022,10,"S16","B",1,126
"1357",2022,10,"S16","B",2,127
"1358",2022,10,"S16","B",3,128
"1359",2022,10,"S16","B",4,129
"1360",2022,10,"S16","B",5,130
"1361",2022,10,"S16","C",1,131
"1362",2022,10,"S16","C",2,132
"1363",2022,10,"S16","C",3,133
"1364",2022,10,"S16","C",4,134
"1365",2022,10,"S16","C",5,135
"1366",2007,1,"S17","A",1,226
"1367",2007,1,"S17","A",2,227
"1368",2007,1,"S17","A",3,228
"1369",2007,1,"S17","A",4,229
"1370",2007,1,"S17","A",5,230
"1371",2007,1,"S17","B",1,231
"1372",2007,1,"S17","B",2,232
"1373",2007,1,"S17","B",3,233
"1374",2007,1,"S17","B",4,234
"1375",2007,1,"S17","B",5,235
"1376",2007,1,"S17","C",1,236
"1377",2007,1,"S17","C",2,237
"1378",2007,1,"S17","C",3,238
"1379",2007,1,"S17","C",4,239
"1380",2007,1,"S17","C",5,240
"1381",2008,2,"S17","A",1,121
"1382",2008,2,"S17","A",2,122
"1383",2008,2,"S17","A",3,123
"1384",2008,2,"S17","A",4,124
"1385",2008,2,"S17","A",5,125
"1386",2008,2,"S17","B",1,126
"1387",2008,2,"S17","B",2,127
"1388",2008,2,"S17","B",3,128
"1389",2008,2,"S17","B",4,129
"1390",2008,2,"S17","B",5,130
"1391",2008,2,"S17","C",1,131
"1392",2008,2,"S17","C",2,132
"1393",2008,2,"S17","C",3,133
"1394",2008,2,"S17","C",4,134
"1395",2008,2,"S17","C",5,135
"1396",2009,3,"S17","A",1,121
"1397",2009,3,"S17","A",2,122
"1398",2009,3,"S17","A",3,123
"1399",2009,3,"S17","A",4,124
"1400",2009,3,"S17","A",5,125
"1401",2009,3,"S17","B",1,126
"1402",2009,3,"S17","B",2,127
"1403",2009,3,"S17","B",3,128
"1404",2009,3,"S17","B",4,129
"1405",2009,3,"S17","B",5,130
"1406",2009,3,"S17","C",1,131
"1407",2009,3,"S17","C",2,132
"1408",2009,3,"S17","C",3,133
"1409",2009,3,"S17","C",4,134
"1410",2009,3,"S17","C",5,135
"1411",2011,5,"S17","A",1,121
"1412",2011,5,"S17","A",2,122
"1413",2011,5,"S17","A",3,123
"1414",2011,5,"S17","A",4,124
"1415",2011,5,"S17","A",5,125
"1416",2011,5,"S17","B",1,126
"1417",2011,5,"S17","B",2,127
"1418",2011,5,"S17","B",3,128
"1419",2011,5,"S17","B",4,129
"1420",2011,5,"S17","B",5,130
"1421",2011,5,"S17","C",1,131
"1422",2011,5,"S17","C",2,132
"1423",2011,5,"S17","C",3,133
"1424",2011,5,"S17","C",4,134
"1425",2011,5,"S17","C",5,135
"1426",2013,6,"S17","A",1,151
"1427",2013,6,"S17","A",2,152
"1428",2013,6,"S17","A",3,153
"1429",2013,6,"S17","A",4,154
"1430",2013,6,"S17","A",5,155
"1431",2013,6,"S17","B",1,156
"1432",2013,6,"S17","B",2,157
"1433",2013,6,"S17","B",3,158
"1434",2013,6,"S17","B",4,159
"1435",2013,6,"S17","B",5,160
"1436",2013,6,"S17","C",1,161
"1437",2013,6,"S17","C",2,162
"1438",2013,6,"S17","C",3,163
"1439",2013,6,"S17","C",4,164
"1440",2013,6,"S17","C",5,165
"1441",2017,8,"S17","A",1,181
"1442",2017,8,"S17","A",2,182
"1443",2017,8,"S17","A",3,183
"1444",2017,8,"S17","A",4,184
"1445",2017,8,"S17","A",5,185
"1446",2017,8,"S17","B",1,186
"1447",2017,8,"S17","B",2,187
"1448",2017,8,"S17","B",3,188
"1449",2017,8,"S17","B",4,189
"1450",2017,8,"S17","B",5,190
"1451",2017,8,"S17","C",1,191
"1452",2017,8,"S17","C",2,192
"1453",2017,8,"S17","C",3,193
"1454",2017,8,"S17","C",4,194
"1455",2017,8,"S17","C",5,195
"1456",2019,9,"S17","A",1,151
"1457",2019,9,"S17","A",2,152
"1458",2019,9,"S17","A",3,153
"1459",2019,9,"S17","A",4,154
"1460",2019,9,"S17","A",5,155
"1461",2019,9,"S17","B",1,156
"1462",2019,9,"S17","B",2,157
"1463",2019,9,"S17","B",3,158
"1464",2019,9,"S17","B",4,159
"1465",2019,9,"S17","B",5,160
"1466",2019,9,"S17","C",1,161
"1467",2019,9,"S17","C",2,162
"1468",2019,9,"S17","C",3,163
"1469",2019,9,"S17","C",4,164
"1470",2019,9,"S17","C",5,165
"1471",2007,1,"S18","A",1,241
"1472",2007,1,"S18","A",2,242
"1473",2007,1,"S18","A",3,243
"1474",2007,1,"S18","A",4,244
"1475",2007,1,"S18","A",5,245
"1476",2007,1,"S18","B",1,246
"1477",2007,1,"S18","B",2,247
"1478",2007,1,"S18","B",3,248
"1479",2007,1,"S18","B",4,249
"1480",2007,1,"S18","B",5,250
"1481",2007,1,"S18","C",1,251
"1482",2007,1,"S18","C",2,252
"1483",2007,1,"S18","C",3,253
"1484",2007,1,"S18","C",4,254
"1485",2007,1,"S18","C",5,255
"1486",2008,2,"S18","A",1,136
"1487",2008,2,"S18","A",2,137
"1488",2008,2,"S18","A",3,138
"1489",2008,2,"S18","A",4,139
"1490",2008,2,"S18","A",5,140
"1491",2008,2,"S18","B",1,141
"1492",2008,2,"S18","B",2,142
"1493",2008,2,"S18","B",3,143
"1494",2008,2,"S18","B",4,144
"1495",2008,2,"S18","B",5,145
"1496",2008,2,"S18","C",1,146
"1497",2008,2,"S18","C",2,147
"1498",2008,2,"S18","C",3,148
"1499",2008,2,"S18","C",4,149
"1500",2008,2,"S18","C",5,150
"1501",2009,3,"S18","A",1,136
"1502",2009,3,"S18","A",2,137
"1503",2009,3,"S18","A",3,138
"1504",2009,3,"S18","A",4,139
"1505",2009,3,"S18","A",5,140
"1506",2009,3,"S18","B",1,141
"1507",2009,3,"S18","B",2,142
"1508",2009,3,"S18","B",3,143
"1509",2009,3,"S18","B",4,144
"1510",2009,3,"S18","B",5,145
"1511",2009,3,"S18","C",1,146
"1512",2009,3,"S18","C",2,147
"1513",2009,3,"S18","C",3,148
"1514",2009,3,"S18","C",4,149
"1515",2009,3,"S18","C",5,150
"1516",2011,5,"S18","A",1,136
"1517",2011,5,"S18","A",2,137
"1518",2011,5,"S18","A",3,138
"1519",2011,5,"S18","A",4,139
"1520",2011,5,"S18","A",5,140
"1521",2011,5,"S18","B",1,141
"1522",2011,5,"S18","B",2,142
"1523",2011,5,"S18","B",3,143
"1524",2011,5,"S18","B",4,144
"1525",2011,5,"S18","B",5,145
"1526",2011,5,"S18","C",1,146
"1527",2011,5,"S18","C",2,147
"1528",2011,5,"S18","C",3,148
"1529",2011,5,"S18","C",4,149
"1530",2011,5,"S18","C",5,150
"1531",2013,6,"S18","A",1,166
"1532",2013,6,"S18","A",2,167
"1533",2013,6,"S18","A",3,168
"1534",2013,6,"S18","A",4,169
"1535",2013,6,"S18","A",5,170
"1536",2013,6,"S18","B",1,171
"1537",2013,6,"S18","B",2,172
"1538",2013,6,"S18","B",3,173
"1539",2013,6,"S18","B",4,174
"1540",2013,6,"S18","B",5,175
"1541",2013,6,"S18","C",1,176
"1542",2013,6,"S18","C",2,177
"1543",2013,6,"S18","C",3,178
"1544",2013,6,"S18","C",4,179
"1545",2013,6,"S18","C",5,180
"1546",2017,8,"S18","A",1,196
"1547",2017,8,"S18","A",2,197
"1548",2017,8,"S18","A",3,198
"1549",2017,8,"S18","A",4,199
"1550",2017,8,"S18","A",5,200
"1551",2017,8,"S18","B",1,201
"1552",2017,8,"S18","B",2,202
"1553",2017,8,"S18","B",3,203
"1554",2017,8,"S18","B",4,204
"1555",2017,8,"S18","B",5,205
"1556",2017,8,"S18","C",1,206
"1557",2017,8,"S18","C",2,207
"1558",2017,8,"S18","C",3,208
"1559",2017,8,"S18","C",4,209
"1560",2017,8,"S18","C",5,210
"1561",2019,9,"S18","A",1,166
"1562",2019,9,"S18","A",2,167
"1563",2019,9,"S18","A",3,168
"1564",2019,9,"S18","A",4,169
"1565",2019,9,"S18","A",5,170
"1566",2019,9,"S18","B",1,171
"1567",2019,9,"S18","B",2,172
"1568",2019,9,"S18","B",3,173
"1569",2019,9,"S18","B",4,174
"1570",2019,9,"S18","B",5,175
"1571",2019,9,"S18","C",1,176
"1572",2019,9,"S18","C",2,177
"1573",2019,9,"S18","C",3,178
"1574",2019,9,"S18","C",4,179
"1575",2019,9,"S18","C",5,180
"1576",2010,4,"S19","A",1,16
"1577",2010,4,"S19","A",2,17
"1578",2010,4,"S19","A",3,18
"1579",2010,4,"S19","A",4,19
"1580",2010,4,"S19","A",5,20
"1581",2010,4,"S19","B",1,21
"1582",2010,4,"S19","B",2,22
"1583",2010,4,"S19","B",3,23
"1584",2010,4,"S19","B",4,24
"1585",2010,4,"S19","B",5,25
"1586",2010,4,"S19","C",1,26
"1587",2010,4,"S19","C",2,27
"1588",2010,4,"S19","C",3,28
"1589",2010,4,"S19","C",4,29
"1590",2010,4,"S19","C",5,30
"1591",2013,6,"S19","A",1,181
"1592",2013,6,"S19","A",2,182
"1593",2013,6,"S19","A",3,183
"1594",2013,6,"S19","A",4,184
"1595",2013,6,"S19","A",5,185
"1596",2013,6,"S19","B",1,186
"1597",2013,6,"S19","B",2,187
"1598",2013,6,"S19","B",3,188
"1599",2013,6,"S19","B",4,189
"1600",2013,6,"S19","B",5,190
"1601",2013,6,"S19","C",1,191
"1602",2013,6,"S19","C",2,192
"1603",2013,6,"S19","C",3,193
"1604",2013,6,"S19","C",4,194
"1605",2013,6,"S19","C",5,195
"1606",2015,7,"S19","A",1,151
"1607",2015,7,"S19","A",2,152
"1608",2015,7,"S19","A",3,153
"1609",2015,7,"S19","A",4,154
"1610",2015,7,"S19","A",5,155
"1611",2015,7,"S19","B",1,156
"1612",2015,7,"S19","B",2,157
"1613",2015,7,"S19","B",3,158
"1614",2015,7,"S19","B",4,159
"1615",2015,7,"S19","B",5,160
"1616",2015,7,"S19","C",1,161
"1617",2015,7,"S19","C",2,162
"1618",2015,7,"S19","C",3,163
"1619",2015,7,"S19","C",4,164
"1620",2015,7,"S19","C",5,165
"1621",2019,9,"S19","A",1,181
"1622",2019,9,"S19","A",2,182
"1623",2019,9,"S19","A",3,183
"1624",2019,9,"S19","A",4,184
"1625",2019,9,"S19","A",5,185
"1626",2019,9,"S19","B",1,186
"1627",2019,9,"S19","B",2,187
"1628",2019,9,"S19","B",3,188
"1629",2019,9,"S19","B",4,189
"1630",2019,9,"S19","B",5,190
"1631",2019,9,"S19","C",1,191
"1632",2019,9,"S19","C",2,192
"1633",2019,9,"S19","C",3,193
"1634",2019,9,"S19","C",4,194
"1635",2019,9,"S19","C",5,195
"1636",2010,4,"S20","A",1,31
"1637",2010,4,"S20","A",2,32
"1638",2010,4,"S20","A",3,33
"1639",2010,4,"S20","A",4,34
"1640",2010,4,"S20","A",5,35
"1641",2010,4,"S20","B",1,36
"1642",2010,4,"S20","B",2,37
"1643",2010,4,"S20","B",3,38
"1644",2010,4,"S20","B",4,39
"1645",2010,4,"S20","B",5,40
"1646",2010,4,"S20","C",1,41
"1647",2010,4,"S20","C",2,42
"1648",2010,4,"S20","C",3,43
"1649",2010,4,"S20","C",4,44
"1650",2010,4,"S20","C",5,45
"1651",2013,6,"S20","A",1,196
"1652",2013,6,"S20","A",2,197
"1653",2013,6,"S20","A",3,198
"1654",2013,6,"S20","A",4,199
"1655",2013,6,"S20","A",5,200
"1656",2013,6,"S20","B",1,201
"1657",2013,6,"S20","B",2,202
"1658",2013,6,"S20","B",3,203
"1659",2013,6,"S20","B",4,204
"1660",2013,6,"S20","B",5,205
"1661",2013,6,"S20","C",1,206
"1662",2013,6,"S20","C",2,207
"1663",2013,6,"S20","C",3,208
"1664",2013,6,"S20","C",4,209
"1665",2013,6,"S20","C",5,210
"1666",2017,8,"S20","A",1,211
"1667",2017,8,"S20","A",2,212
"1668",2017,8,"S20","A",3,213
"1669",2017,8,"S20","A",4,214
"1670",2017,8,"S20","A",5,215
"1671",2017,8,"S20","B",1,216
"1672",2017,8,"S20","B",2,217
"1673",2017,8,"S20","B",3,218
"1674",2017,8,"S20","B",4,219
"1675",2017,8,"S20","B",5,220
"1676",2017,8,"S20","C",1,221
"1677",2017,8,"S20","C",2,222
"1678",2017,8,"S20","C",3,223
"1679",2017,8,"S20","C",4,224
"1680",2017,8,"S20","C",5,225
"1681",2019,9,"S20","A",1,196
"1682",2019,9,"S20","A",2,197
"1683",2019,9,"S20","A",3,198
"1684",2019,9,"S20","A",4,199
"1685",2019,9,"S20","A",5,200
"1686",2019,9,"S20","B",1,201
"1687",2019,9,"S20","B",2,202
"1688",2019,9,"S20","B",3,203
"1689",2019,9,"S20","B",4,204
"1690",2019,9,"S20","B",5,205
"1691",2019,9,"S20","C",1,206
"1692",2019,9,"S20","C",2,207
"1693",2019,9,"S20","C",3,208
"1694",2019,9,"S20","C",4,209
"1695",2019,9,"S20","C",5,210
"1696",2010,4,"S21","A",1,46
"1697",2010,4,"S21","A",2,47
"1698",2010,4,"S21","A",3,48
"1699",2010,4,"S21","A",4,49
"1700",2010,4,"S21","A",5,50
"1701",2010,4,"S21","B",1,51
"1702",2010,4,"S21","B",2,52
"1703",2010,4,"S21","B",3,53
"1704",2010,4,"S21","B",4,54
"1705",2010,4,"S21","B",5,55
"1706",2010,4,"S21","C",1,56
"1707",2010,4,"S21","C",2,57
"1708",2010,4,"S21","C",3,58
"1709",2010,4,"S21","C",4,59
"1710",2010,4,"S21","C",5,60
"1711",2015,7,"S21","A",1,166
"1712",2015,7,"S21","A",2,167
"1713",2015,7,"S21","A",3,168
"1714",2015,7,"S21","A",4,169
"1715",2015,7,"S21","A",5,170
"1716",2015,7,"S21","B",1,171
"1717",2015,7,"S21","B",2,172
"1718",2015,7,"S21","B",3,173
"1719",2015,7,"S21","B",4,174
"1720",2015,7,"S21","B",5,175
"1721",2015,7,"S21","C",1,176
"1722",2015,7,"S21","C",2,177
"1723",2015,7,"S21","C",3,178
"1724",2015,7,"S21","C",4,179
"1725",2015,7,"S21","C",5,180
"1726",2017,8,"S21","A",1,226
"1727",2017,8,"S21","A",2,227
"1728",2017,8,"S21","A",3,228
"1729",2017,8,"S21","A",4,229
"1730",2017,8,"S21","A",5,230
"1731",2017,8,"S21","B",1,231
"1732",2017,8,"S21","B",2,232
"1733",2017,8,"S21","B",3,233
"1734",2017,8,"S21","B",4,234
"1735",2017,8,"S21","B",5,235
"1736",2017,8,"S21","C",1,236
"1737",2017,8,"S21","C",2,237
"1738",2017,8,"S21","C",3,238
"1739",2017,8,"S21","C",4,239
"1740",2017,8,"S21","C",5,240
"1741",2022,10,"S21","A",1,136
"1742",2022,10,"S21","A",2,137
"1743",2022,10,"S21","A",3,138
"1744",2022,10,"S21","A",4,139
"1745",2022,10,"S21","A",5,140
"1746",2022,10,"S21","B",1,141
"1747",2022,10,"S21","B",2,142
"1748",2022,10,"S21","B",3,143
"1749",2022,10,"S21","B",4,144
"1750",2022,10,"S21","B",5,145
"1751",2022,10,"S21","C",1,146
"1752",2022,10,"S21","C",2,147
"1753",2022,10,"S21","C",3,148
"1754",2022,10,"S21","C",4,149
"1755",2022,10,"S21","C",5,150
"1756",2010,4,"S22","A",1,61
"1757",2010,4,"S22","A",2,62
"1758",2010,4,"S22","A",3,63
"1759",2010,4,"S22","A",4,64
"1760",2010,4,"S22","A",5,65
"1761",2010,4,"S22","B",1,66
"1762",2010,4,"S22","B",2,67
"1763",2010,4,"S22","B",3,68
"1764",2010,4,"S22","B",4,69
"1765",2010,4,"S22","B",5,70
"1766",2010,4,"S22","C",1,71
"1767",2010,4,"S22","C",2,72
"1768",2010,4,"S22","C",3,73
"1769",2010,4,"S22","C",4,74
"1770",2010,4,"S22","C",5,75
"1771",2013,6,"S22","A",1,211
"1772",2013,6,"S22","A",2,212
"1773",2013,6,"S22","A",3,213
"1774",2013,6,"S22","A",4,214
"1775",2013,6,"S22","A",5,215
"1776",2013,6,"S22","B",1,216
"1777",2013,6,"S22","B",2,217
"1778",2013,6,"S22","B",3,218
"1779",2013,6,"S22","B",4,219
"1780",2013,6,"S22","B",5,220
"1781",2013,6,"S22","C",1,221
"1782",2013,6,"S22","C",2,222
"1783",2013,6,"S22","C",3,223
"1784",2013,6,"S22","C",4,224
"1785",2013,6,"S22","C",5,225
"1786",2015,7,"S22","A",1,181
"1787",2015,7,"S22","A",2,182
"1788",2015,7,"S22","A",3,183
"1789",2015,7,"S22","A",4,184
"1790",2015,7,"S22","A",5,185
"1791",2015,7,"S22","B",1,186
"1792",2015,7,"S22","B",2,187
"1793",2015,7,"S22","B",3,188
"1794",2015,7,"S22","B",4,189
"1795",2015,7,"S22","B",5,190
"1796",2015,7,"S22","C",1,191
"1797",2015,7,"S22","C",2,192
"1798",2015,7,"S22","C",3,193
"1799",2015,7,"S22","C",4,194
"1800",2015,7,"S22","C",5,195
"1801",2019,9,"S22","A",1,211
"1802",2019,9,"S22","A",2,212
"1803",2019,9,"S22","A",3,213
"1804",2019,9,"S22","A",4,214
"1805",2019,9,"S22","A",5,215
"1806",2019,9,"S22","B",1,216
"1807",2019,9,"S22","B",2,217
"1808",2019,9,"S22","B",3,218
"1809",2019,9,"S22","B",4,219
"1810",2019,9,"S22","B",5,220
"1811",2019,9,"S22","C",1,221
"1812",2019,9,"S22","C",2,222
"1813",2019,9,"S22","C",3,223
"1814",2019,9,"S22","C",4,224
"1815",2019,9,"S22","C",5,225
"1816",2022,10,"S22","A",1,151
"1817",2022,10,"S22","A",2,152
"1818",2022,10,"S22","A",3,153
"1819",2022,10,"S22","A",4,154
"1820",2022,10,"S22","A",5,155
"1821",2022,10,"S22","B",1,156
"1822",2022,10,"S22","B",2,157
"1823",2022,10,"S22","B",3,158
"1824",2022,10,"S22","B",4,159
"1825",2022,10,"S22","B",5,160
"1826",2022,10,"S22","C",1,161
"1827",2022,10,"S22","C",2,162
"1828",2022,10,"S22","C",3,163
"1829",2022,10,"S22","C",4,164
"1830",2022,10,"S22","C",5,165
"1831",2010,4,"S23","A",1,76
"1832",2010,4,"S23","A",2,77
"1833",2010,4,"S23","A",3,78
"1834",2010,4,"S23","A",4,79
"1835",2010,4,"S23","A",5,80
"1836",2010,4,"S23","B",1,81
"1837",2010,4,"S23","B",2,82
"1838",2010,4,"S23","B",3,83
"1839",2010,4,"S23","B",4,84
"1840",2010,4,"S23","B",5,85
"1841",2010,4,"S23","C",1,86
"1842",2010,4,"S23","C",2,87
"1843",2010,4,"S23","C",3,88
"1844",2010,4,"S23","C",4,89
"1845",2010,4,"S23","C",5,90
"1846",2013,6,"S23","A",1,226
"1847",2013,6,"S23","A",2,227
"1848",2013,6,"S23","A",3,228
"1849",2013,6,"S23","A",4,229
"1850",2013,6,"S23","A",5,230
"1851",2013,6,"S23","B",1,231
"1852",2013,6,"S23","B",2,232
"1853",2013,6,"S23","B",3,233
"1854",2013,6,"S23","B",4,234
"1855",2013,6,"S23","B",5,235
"1856",2013,6,"S23","C",1,236
"1857",2013,6,"S23","C",2,237
"1858",2013,6,"S23","C",3,238
"1859",2013,6,"S23","C",4,239
"1860",2013,6,"S23","C",5,240
"1861",2017,8,"S23","A",1,241
"1862",2017,8,"S23","A",2,242
"1863",2017,8,"S23","A",3,243
"1864",2017,8,"S23","A",4,244
"1865",2017,8,"S23","A",5,245
"1866",2017,8,"S23","B",1,246
"1867",2017,8,"S23","B",2,247
"1868",2017,8,"S23","B",3,248
"1869",2017,8,"S23","B",4,249
"1870",2017,8,"S23","B",5,250
"1871",2017,8,"S23","C",1,251
"1872",2017,8,"S23","C",2,252
"1873",2017,8,"S23","C",3,253
"1874",2017,8,"S23","C",4,254
"1875",2017,8,"S23","C",5,255
"1876",2019,9,"S23","A",1,226
"1877",2019,9,"S23","A",2,227
"1878",2019,9,"S23","A",3,228
"1879",2019,9,"S23","A",4,229
"1880",2019,9,"S23","A",5,230
"1881",2019,9,"S23","B",1,231
"1882",2019,9,"S23","B",2,232
"1883",2019,9,"S23","B",3,233
"1884",2019,9,"S23","B",4,234
"1885",2019,9,"S23","B",5,235
"1886",2019,9,"S23","C",1,236
"1887",2019,9,"S23","C",2,237
"1888",2019,9,"S23","C",3,238
"1889",2019,9,"S23","C",4,239
"1890",2019,9,"S23","C",5,240
"1891",2010,4,"S24","A",1,91
"1892",2010,4,"S24","A",2,92
"1893",2010,4,"S24","A",3,93
"1894",2010,4,"S24","A",4,94
"1895",2010,4,"S24","A",5,95
"1896",2010,4,"S24","B",1,96
"1897",2010,4,"S24","B",2,97
"1898",2010,4,"S24","B",3,98
"1899",2010,4,"S24","B",4,99
"1900",2010,4,"S24","B",5,100
"1901",2010,4,"S24","C",1,101
"1902",2010,4,"S24","C",2,102
"1903",2010,4,"S24","C",3,103
"1904",2010,4,"S24","C",4,104
"1905",2010,4,"S24","C",5,105
"1906",2013,6,"S24","A",1,241
"1907",2013,6,"S24","A",2,242
"1908",2013,6,"S24","A",3,243
"1909",2013,6,"S24","A",4,244
"1910",2013,6,"S24","A",5,245
"1911",2013,6,"S24","B",1,246
"1912",2013,6,"S24","B",2,247
"1913",2013,6,"S24","B",3,248
"1914",2013,6,"S24","B",4,249
"1915",2013,6,"S24","B",5,250
"1916",2013,6,"S24","C",1,251
"1917",2013,6,"S24","C",2,252
"1918",2013,6,"S24","C",3,253
"1919",2013,6,"S24","C",4,254
"1920",2013,6,"S24","C",5,255
"1921",2015,7,"S24","A",1,196
"1922",2015,7,"S24","A",2,197
"1923",2015,7,"S24","A",3,198
"1924",2015,7,"S24","A",4,199
"1925",2015,7,"S24","A",5,200
"1926",2015,7,"S24","B",1,201
"1927",2015,7,"S24","B",2,202
"1928",2015,7,"S24","B",3,203
"1929",2015,7,"S24","B",4,204
"1930",2015,7,"S24","B",5,205
"1931",2015,7,"S24","C",1,206
"1932",2015,7,"S24","C",2,207
"1933",2015,7,"S24","C",3,208
"1934",2015,7,"S24","C",4,209
"1935",2015,7,"S24","C",5,210
"1936",2019,9,"S24","A",1,241
"1937",2019,9,"S24","A",2,242
"1938",2019,9,"S24","A",3,243
"1939",2019,9,"S24","A",4,244
"1940",2019,9,"S24","A",5,245
"1941",2019,9,"S24","B",1,246
"1942",2019,9,"S24","B",2,247
"1943",2019,9,"S24","B",3,248
"1944",2019,9,"S24","B",4,249
"1945",2019,9,"S24","B",5,250
"1946",2019,9,"S24","C",1,251
"1947",2019,9,"S24","C",2,252
"1948",2019,9,"S24","C",3,253
"1949",2019,9,"S24","C",4,254
"1950",2019,9,"S24","C",5,255
"1951",2010,4,"S25","A",1,106
"1952",2010,4,"S25","A",2,107
"1953",2010,4,"S25","A",3,108
"1954",2010,4,"S25","A",4,109
"1955",2010,4,"S25","A",5,110
"1956",2010,4,"S25","B",1,111
"1957",2010,4,"S25","B",2,112
"1958",2010,4,"S25","B",3,113
"1959",2010,4,"S25","B",4,114
"1960",2010,4,"S25","B",5,115
"1961",2010,4,"S25","C",1,116
"1962",2010,4,"S25","C",2,117
"1963",2010,4,"S25","C",3,118
"1964",2010,4,"S25","C",4,119
"1965",2010,4,"S25","C",5,120
"1966",2015,7,"S25","A",1,211
"1967",2015,7,"S25","A",2,212
"1968",2015,7,"S25","A",3,213
"1969",2015,7,"S25","A",4,214
"1970",2015,7,"S25","A",5,215
"1971",2015,7,"S25","B",1,216
"1972",2015,7,"S25","B",2,217
"1973",2015,7,"S25","B",3,218
"1974",2015,7,"S25","B",4,219
"1975",2015,7,"S25","B",5,220
"1976",2015,7,"S25","C",1,221
"1977",2015,7,"S25","C",2,222
"1978",2015,7,"S25","C",3,223
"1979",2015,7,"S25","C",4,224
"1980",2015,7,"S25","C",5,225
"1981",2017,8,"S25","A",1,256
"1982",2017,8,"S25","A",2,257
"1983",2017,8,"S25","A",3,258
"1984",2017,8,"S25","A",4,259
"1985",2017,8,"S25","A",5,260
"1986",2017,8,"S25","B",1,261
"1987",2017,8,"S25","B",2,262
"1988",2017,8,"S25","B",3,263
"1989",2017,8,"S25","B",4,264
"1990",2017,8,"S25","B",5,265
"1991",2017,8,"S25","C",1,266
"1992",2017,8,"S25","C",2,267
"1993",2017,8,"S25","C",3,268
"1994",2017,8,"S25","C",4,269
"1995",2017,8,"S25","C",5,270
"1996",2022,10,"S25","A",1,166
"1997",2022,10,"S25","A",2,167
"1998",2022,10,"S25","A",3,168
"1999",2022,10,"S25","A",4,169
"2000",2022,10,"S25","A",5,170
"2001",2022,10,"S25","B",1,171
"2002",2022,10,"S25","B",2,172
"2003",2022,10,"S25","B",3,173
"2004",2022,10,"S25","B",4,174
"2005",2022,10,"S25","B",5,175
"2006",2022,10,"S25","C",1,176
"2007",2022,10,"S25","C",2,177
"2008",2022,10,"S25","C",3,178
"2009",2022,10,"S25","C",4,179
"2010",2022,10,"S25","C",5,180
"2011",2010,4,"S26","A",1,121
"2012",2010,4,"S26","A",2,122
"2013",2010,4,"S26","A",3,123
"2014",2010,4,"S26","A",4,124
"2015",2010,4,"S26","A",5,125
"2016",2010,4,"S26","B",1,126
"2017",2010,4,"S26","B",2,127
"2018",2010,4,"S26","B",3,128
"2019",2010,4,"S26","B",4,129
"2020",2010,4,"S26","B",5,130
"2021",2010,4,"S26","C",1,131
"2022",2010,4,"S26","C",2,132
"2023",2010,4,"S26","C",3,133
"2024",2010,4,"S26","C",4,134
"2025",2010,4,"S26","C",5,135
"2026",2013,6,"S26","A",1,256
"2027",2013,6,"S26","A",2,257
"2028",2013,6,"S26","A",3,258
"2029",2013,6,"S26","A",4,259
"2030",2013,6,"S26","A",5,260
"2031",2013,6,"S26","B",1,261
"2032",2013,6,"S26","B",2,262
"2033",2013,6,"S26","B",3,263
"2034",2013,6,"S26","B",4,264
"2035",2013,6,"S26","B",5,265
"2036",2013,6,"S26","C",1,266
"2037",2013,6,"S26","C",2,267
"2038",2013,6,"S26","C",3,268
"2039",2013,6,"S26","C",4,269
"2040",2013,6,"S26","C",5,270
"2041",2015,7,"S26","A",1,226
"2042",2015,7,"S26","A",2,227
"2043",2015,7,"S26","A",3,228
"2044",2015,7,"S26","A",4,229
"2045",2015,7,"S26","A",5,230
"2046",2015,7,"S26","B",1,231
"2047",2015,7,"S26","B",2,232
"2048",2015,7,"S26","B",3,233
"2049",2015,7,"S26","B",4,234
"2050",2015,7,"S26","B",5,235
"2051",2015,7,"S26","C",1,236
"2052",2015,7,"S26","C",2,237
"2053",2015,7,"S26","C",3,238
"2054",2015,7,"S26","C",4,239
"2055",2015,7,"S26","C",5,240
"2056",2019,9,"S26","A",1,256
"2057",2019,9,"S26","A",2,257
"2058",2019,9,"S26","A",3,258
"2059",2019,9,"S26","A",4,259
"2060",2019,9,"S26","A",5,260
"2061",2019,9,"S26","B",1,261
"2062",2019,9,"S26","B",2,262
"2063",2019,9,"S26","B",3,263
"2064",2019,9,"S26","B",4,264
"2065",2019,9,"S26","B",5,265
"2066",2019,9,"S26","C",1,266
"2067",2019,9,"S26","C",2,267
"2068",2019,9,"S26","C",3,268
"2069",2019,9,"S26","C",4,269
"2070",2019,9,"S26","C",5,270
"2071",2022,10,"S26","A",1,181
"2072",2022,10,"S26","A",2,182
"2073",2022,10,"S26","A",3,183
"2074",2022,10,"S26","A",4,184
"2075",2022,10,"S26","A",5,185
"2076",2022,10,"S26","B",1,186
"2077",2022,10,"S26","B",2,187
"2078",2022,10,"S26","B",3,188
"2079",2022,10,"S26","B",4,189
"2080",2022,10,"S26","B",5,190
"2081",2022,10,"S26","C",1,191
"2082",2022,10,"S26","C",2,192
"2083",2022,10,"S26","C",3,193
"2084",2022,10,"S26","C",4,194
"2085",2022,10,"S26","C",5,195
"2086",2010,4,"S27","A",1,136
"2087",2010,4,"S27","A",2,137
"2088",2010,4,"S27","A",3,138
"2089",2010,4,"S27","A",4,139
"2090",2010,4,"S27","A",5,140
"2091",2010,4,"S27","B",1,141
"2092",2010,4,"S27","B",2,142
"2093",2010,4,"S27","B",3,143
"2094",2010,4,"S27","B",4,144
"2095",2010,4,"S27","B",5,145
"2096",2010,4,"S27","C",1,146
"2097",2010,4,"S27","C",2,147
"2098",2010,4,"S27","C",3,148
"2099",2010,4,"S27","C",4,149
"2100",2010,4,"S27","C",5,150
"2101",2013,6,"S27","A",1,271
"2102",2013,6,"S27","A",2,272
"2103",2013,6,"S27","A",3,273
"2104",2013,6,"S27","A",4,274
"2105",2013,6,"S27","A",5,275
"2106",2013,6,"S27","B",1,276
"2107",2013,6,"S27","B",2,277
"2108",2013,6,"S27","B",3,278
"2109",2013,6,"S27","B",4,279
"2110",2013,6,"S27","B",5,280
"2111",2013,6,"S27","C",1,281
"2112",2013,6,"S27","C",2,282
"2113",2013,6,"S27","C",3,283
"2114",2013,6,"S27","C",4,284
"2115",2013,6,"S27","C",5,285
"2116",2015,7,"S27","A",1,241
"2117",2015,7,"S27","A",2,242
"2118",2015,7,"S27","A",3,243
"2119",2015,7,"S27","A",4,244
"2120",2015,7,"S27","A",5,245
"2121",2015,7,"S27","B",1,246
"2122",2015,7,"S27","B",2,247
"2123",2015,7,"S27","B",3,248
"2124",2015,7,"S27","B",4,249
"2125",2015,7,"S27","B",5,250
"2126",2015,7,"S27","C",1,251
"2127",2015,7,"S27","C",2,252
"2128",2015,7,"S27","C",3,253
"2129",2015,7,"S27","C",4,254
"2130",2015,7,"S27","C",5,255
"2131",2019,9,"S27","A",1,271
"2132",2019,9,"S27","A",2,272
"2133",2019,9,"S27","A",3,273
"2134",2019,9,"S27","A",4,274
"2135",2019,9,"S27","A",5,275
"2136",2019,9,"S27","B",1,276
"2137",2019,9,"S27","B",2,277
"2138",2019,9,"S27","B",3,278
"2139",2019,9,"S27","B",4,279
"2140",2019,9,"S27","B",5,280
"2141",2019,9,"S27","C",1,281
"2142",2019,9,"S27","C",2,282
"2143",2019,9,"S27","C",3,283
"2144",2019,9,"S27","C",4,284
"2145",2019,9,"S27","C",5,285
"2146",2022,10,"S27","A",1,196
"2147",2022,10,"S27","A",2,197
"2148",2022,10,"S27","A",3,198
"2149",2022,10,"S27","A",4,199
"2150",2022,10,"S27","A",5,200
"2151",2022,10,"S27","B",1,201
"2152",2022,10,"S27","B",2,202
"2153",2022,10,"S27","B",3,203
"2154",2022,10,"S27","B",4,204
"2155",2022,10,"S27","B",5,205
"2156",2022,10,"S27","C",1,206
"2157",2022,10,"S27","C",2,207
"2158",2022,10,"S27","C",3,208
"2159",2022,10,"S27","C",4,209
"2160",2022,10,"S27","C",5,210
"2161",2010,4,"S28","A",1,151
"2162",2010,4,"S28","A",2,152
"2163",2010,4,"S28","A",3,153
"2164",2010,4,"S28","A",4,154
"2165",2010,4,"S28","A",5,155
"2166",2010,4,"S28","B",1,156
"2167",2010,4,"S28","B",2,157
"2168",2010,4,"S28","B",3,158
"2169",2010,4,"S28","B",4,159
"2170",2010,4,"S28","B",5,160
"2171",2010,4,"S28","C",1,161
"2172",2010,4,"S28","C",2,162
"2173",2010,4,"S28","C",3,163
"2174",2010,4,"S28","C",4,164
"2175",2010,4,"S28","C",5,165
"2176",2013,6,"S28","A",1,286
"2177",2013,6,"S28","A",2,287
"2178",2013,6,"S28","A",3,288
"2179",2013,6,"S28","A",4,289
"2180",2013,6,"S28","A",5,290
"2181",2013,6,"S28","B",1,291
"2182",2013,6,"S28","B",2,292
"2183",2013,6,"S28","B",3,293
"2184",2013,6,"S28","B",4,294
"2185",2013,6,"S28","B",5,295
"2186",2013,6,"S28","C",1,296
"2187",2013,6,"S28","C",2,297
"2188",2013,6,"S28","C",3,298
"2189",2013,6,"S28","C",4,299
"2190",2013,6,"S28","C",5,300
"2191",2015,7,"S28","A",1,256
"2192",2015,7,"S28","A",2,257
"2193",2015,7,"S28","A",3,258
"2194",2015,7,"S28","A",4,259
"2195",2015,7,"S28","A",5,260
"2196",2015,7,"S28","B",1,261
"2197",2015,7,"S28","B",2,262
"2198",2015,7,"S28","B",3,263
"2199",2015,7,"S28","B",4,264
"2200",2015,7,"S28","B",5,265
"2201",2015,7,"S28","C",1,266
"2202",2015,7,"S28","C",2,267
"2203",2015,7,"S28","C",3,268
"2204",2015,7,"S28","C",4,269
"2205",2015,7,"S28","C",5,270
"2206",2019,9,"S28","A",1,286
"2207",2019,9,"S28","A",2,287
"2208",2019,9,"S28","A",3,288
"2209",2019,9,"S28","A",4,289
"2210",2019,9,"S28","A",5,290
"2211",2019,9,"S28","B",1,291
"2212",2019,9,"S28","B",2,292
"2213",2019,9,"S28","B",3,293
"2214",2019,9,"S28","B",4,294
"2215",2019,9,"S28","B",5,295
"2216",2019,9,"S28","C",1,296
"2217",2019,9,"S28","C",2,297
"2218",2019,9,"S28","C",3,298
"2219",2019,9,"S28","C",4,299
"2220",2019,9,"S28","C",5,300
"2221",2010,4,"S29","A",1,166
"2222",2010,4,"S29","A",2,167
"2223",2010,4,"S29","A",3,168
"2224",2010,4,"S29","A",4,169
"2225",2010,4,"S29","A",5,170
"2226",2010,4,"S29","B",1,171
"2227",2010,4,"S29","B",2,172
"2228",2010,4,"S29","B",3,173
"2229",2010,4,"S29","B",4,174
"2230",2010,4,"S29","B",5,175
"2231",2010,4,"S29","C",1,176
"2232",2010,4,"S29","C",2,177
"2233",2010,4,"S29","C",3,178
"2234",2010,4,"S29","C",4,179
"2235",2010,4,"S29","C",5,180
"2236",2015,7,"S29","A",1,271
"2237",2015,7,"S29","A",2,272
"2238",2015,7,"S29","A",3,273
"2239",2015,7,"S29","A",4,274
"2240",2015,7,"S29","A",5,275
"2241",2015,7,"S29","B",1,276
"2242",2015,7,"S29","B",2,277
"2243",2015,7,"S29","B",3,278
"2244",2015,7,"S29","B",4,279
"2245",2015,7,"S29","B",5,280
"2246",2015,7,"S29","C",1,281
"2247",2015,7,"S29","C",2,282
"2248",2015,7,"S29","C",3,283
"2249",2015,7,"S29","C",4,284
"2250",2015,7,"S29","C",5,285
"2251",2017,8,"S29","A",1,271
"2252",2017,8,"S29","A",2,272
"2253",2017,8,"S29","A",3,273
"2254",2017,8,"S29","A",4,274
"2255",2017,8,"S29","A",5,275
"2256",2017,8,"S29","B",1,276
"2257",2017,8,"S29","B",2,277
"2258",2017,8,"S29","B",3,278
"2259",2017,8,"S29","B",4,279
"2260",2017,8,"S29","B",5,280
"2261",2017,8,"S29","C",1,281
"2262",2017,8,"S29","C",2,282
"2263",2017,8,"S29","C",3,283
"2264",2017,8,"S29","C",4,284
"2265",2017,8,"S29","C",5,285
"2266",2010,4,"S30","A",1,181
"2267",2010,4,"S30","A",2,182
"2268",2010,4,"S30","A",3,183
"2269",2010,4,"S30","A",4,184
"2270",2010,4,"S30","A",5,185
"2271",2010,4,"S30","B",1,186
"2272",2010,4,"S30","B",2,187
"2273",2010,4,"S30","B",3,188
"2274",2010,4,"S30","B",4,189
"2275",2010,4,"S30","B",5,190
"2276",2010,4,"S30","C",1,191
"2277",2010,4,"S30","C",2,192
"2278",2010,4,"S30","C",3,193
"2279",2010,4,"S30","C",4,194
"2280",2010,4,"S30","C",5,195
"2281",2015,7,"S30","A",1,286
"2282",2015,7,"S30","A",2,287
"2283",2015,7,"S30","A",3,288
"2284",2015,7,"S30","A",4,289
"2285",2015,7,"S30","A",5,290
"2286",2015,7,"S30","B",1,291
"2287",2015,7,"S30","B",2,292
"2288",2015,7,"S30","B",3,293
"2289",2015,7,"S30","B",4,294
"2290",2015,7,"S30","B",5,295
"2291",2015,7,"S30","C",1,296
"2292",2015,7,"S30","C",2,297
"2293",2015,7,"S30","C",3,298
"2294",2015,7,"S30","C",4,299
"2295",2015,7,"S30","C",5,300
"2296",2017,8,"S30","A",1,286
"2297",2017,8,"S30","A",2,287
"2298",2017,8,"S30","A",3,288
"2299",2017,8,"S30","A",4,289
"2300",2017,8,"S30","A",5,290
"2301",2017,8,"S30","B",1,291
"2302",2017,8,"S30","B",2,292
"2303",2017,8,"S30","B",3,293
"2304",2017,8,"S30","B",4,294
"2305",2017,8,"S30","B",5,295
"2306",2017,8,"S30","C",1,296
"2307",2017,8,"S30","C",2,297
"2308",2017,8,"S30","C",3,298
"2309",2017,8,"S30","C",4,299
"2310",2017,8,"S30","C",5,300
