"","siteID","yearID","tot_turnover","gain","loss","jaccard","SITE_TRANS","YEAR"
"1",9,2,0.285714285714286,0.166666666666667,0.111111111111111,0.714285714285714,"BULL_1",2001
"2",10,2,0.294117647058824,0.1875,0.111111111111111,0.705882352941177,"BULL_3",2001
"3",11,2,0.25,0.133333333333333,0.105263157894737,0.75,"BULL_6",2001
"4",23,2,0.235294117647059,0.176470588235294,0.0588235294117647,0.764705882352941,"NAPL_1",2001
"5",24,2,0.1875,0.117647058823529,0.0588235294117647,0.8125,"NAPL_2",2001
"6",25,2,0.307692307692308,0.214285714285714,0.0769230769230769,0.692307692307692,"NAPL_3",2001
"7",26,2,0.294117647058824,0.214285714285714,0.0714285714285714,0.705882352941177,"NAPL_4",2001
"8",27,2,0.294117647058824,0.214285714285714,0.0625,0.705882352941177,"NAPL_5",2001
"9",28,2,0.266666666666667,0.125,0.142857142857143,0.733333333333333,"NAPL_6",2001
"10",29,2,0.25,0.166666666666667,0.0666666666666667,0.75,"NAPL_7",2001
"11",30,2,0.277777777777778,0.2,0.0625,0.722222222222222,"NAPL_8",2001
"12",1,3,0.4375,0.125,0.3125,0.5625,"ABUR_1",2002
"13",2,3,0.545454545454545,0.0909090909090909,0.444444444444444,0.454545454545455,"ABUR_2",2002
"14",3,3,0.470588235294118,0.0666666666666667,0.4,0.529411764705882,"AQUE_1",2002
"15",4,3,0.25,0.111111111111111,0.117647058823529,0.75,"AQUE_2",2002
"16",5,3,0.214285714285714,0.0769230769230769,0.125,0.785714285714286,"AQUE_3",2002
"17",6,3,0.238095238095238,0.15,0.0952380952380952,0.761904761904762,"AQUE_4",2002
"18",7,3,0.25,0.157894736842105,0.1,0.75,"AQUE_5",2002
"19",9,3,0.285714285714286,0.153846153846154,0.133333333333333,0.714285714285714,"BULL_1",2002
"20",10,3,0.266666666666667,0.111111111111111,0.166666666666667,0.733333333333333,"BULL_3",2002
"21",11,3,0.266666666666667,0.153846153846154,0.117647058823529,0.733333333333333,"BULL_6",2002
"22",12,3,0.230769230769231,0.111111111111111,0.125,0.769230769230769,"GOLB_1",2002
"23",13,3,0.25,0.133333333333333,0.0909090909090909,0.75,"GOLB_2",2002
"24",14,3,0.285714285714286,0.142857142857143,0.125,0.714285714285714,"IVEE_1",2002
"25",15,3,0.266666666666667,0.0909090909090909,0.153846153846154,0.733333333333333,"IVEE_2",2002
"26",21,3,0.272727272727273,0.19047619047619,0.05,0.727272727272727,"MOHK_1",2002
"27",22,3,0.277777777777778,0.176470588235294,0.105263157894737,0.722222222222222,"MOHK_2",2002
"28",23,3,0.1875,0.117647058823529,0.0588235294117647,0.8125,"NAPL_1",2002
"29",24,3,0.157894736842105,0.117647058823529,0,0.842105263157895,"NAPL_2",2002
"30",25,3,0.266666666666667,0.142857142857143,0.117647058823529,0.733333333333333,"NAPL_3",2002
"31",26,3,0.230769230769231,0.0769230769230769,0.133333333333333,0.769230769230769,"NAPL_4",2002
"32",27,3,0.2,0.117647058823529,0.0666666666666667,0.8,"NAPL_5",2002
"33",28,3,0.2,0.117647058823529,0.0769230769230769,0.8,"NAPL_6",2002
"34",29,3,0.1875,0.133333333333333,0,0.8125,"NAPL_7",2002
"35",30,3,0.222222222222222,0.142857142857143,0.0909090909090909,0.777777777777778,"NAPL_8",2002
"36",1,4,0.538461538461538,0.153846153846154,0.384615384615385,0.461538461538462,"ABUR_1",2003
"37",2,4,0.714285714285714,0.25,0.444444444444444,0.285714285714286,"ABUR_2",2003
"38",3,4,0.5,0.25,0.272727272727273,0.5,"AQUE_1",2003
"39",4,4,0.421052631578947,0.0625,0.333333333333333,0.578947368421053,"AQUE_2",2003
"40",5,4,0.4,0.133333333333333,0.266666666666667,0.6,"AQUE_3",2003
"41",6,4,0.4,0.0555555555555556,0.333333333333333,0.6,"AQUE_4",2003
"42",7,4,0.333333333333333,0.05,0.277777777777778,0.666666666666667,"AQUE_5",2003
"43",8,4,0.375,0.0588235294117647,0.3125,0.625,"AQUE_6",2003
"44",9,4,0.384615384615385,0.0909090909090909,0.266666666666667,0.615384615384615,"BULL_1",2003
"45",10,4,0.4,0.0833333333333333,0.294117647058824,0.6,"BULL_3",2003
"46",11,4,0.384615384615385,0.133333333333333,0.25,0.615384615384615,"BULL_6",2003
"47",12,4,0.4,0.0769230769230769,0.307692307692308,0.6,"GOLB_1",2003
"48",13,4,0.4375,0.125,0.31578947368421,0.5625,"GOLB_2",2003
"49",14,4,0.411764705882353,0.142857142857143,0.25,0.588235294117647,"IVEE_1",2003
"50",15,4,0.416666666666667,0.153846153846154,0.25,0.583333333333333,"IVEE_2",2003
"51",21,4,0.636363636363636,0.130434782608696,0.5,0.363636363636364,"MOHK_1",2003
"52",22,4,0.4,0.0952380952380952,0.3125,0.6,"MOHK_2",2003
"53",23,4,0.285714285714286,0.111111111111111,0.166666666666667,0.714285714285714,"NAPL_1",2003
"54",24,4,0.333333333333333,0.0526315789473684,0.277777777777778,0.666666666666667,"NAPL_2",2003
"55",25,4,0.25,0.133333333333333,0.111111111111111,0.75,"NAPL_3",2003
"56",26,4,0.333333333333333,0.0714285714285714,0.230769230769231,0.666666666666667,"NAPL_4",2003
"57",27,4,0.3125,0.117647058823529,0.176470588235294,0.6875,"NAPL_5",2003
"58",28,4,0.307692307692308,0.0833333333333333,0.214285714285714,0.692307692307692,"NAPL_6",2003
"59",29,4,0.25,0.0666666666666667,0.166666666666667,0.75,"NAPL_7",2003
"60",30,4,0.3125,0.0555555555555556,0.235294117647059,0.6875,"NAPL_8",2003
"61",1,5,0.777777777777778,0.555555555555556,0.222222222222222,0.222222222222222,"ABUR_1",2004
"62",2,5,0.857142857142857,0.428571428571429,0.428571428571429,0.142857142857143,"ABUR_2",2004
"63",3,5,0.416666666666667,0.333333333333333,0.0833333333333333,0.583333333333333,"AQUE_1",2004
"64",4,5,0.444444444444444,0.294117647058824,0.142857142857143,0.555555555555556,"AQUE_2",2004
"65",5,5,0.352941176470588,0.214285714285714,0.125,0.647058823529412,"AQUE_3",2004
"66",6,5,0.368421052631579,0.235294117647059,0.125,0.631578947368421,"AQUE_4",2004
"67",7,5,0.375,0.2,0.166666666666667,0.625,"AQUE_5",2004
"68",8,5,0.357142857142857,0.25,0.117647058823529,0.642857142857143,"AQUE_6",2004
"69",9,5,0.4,0.25,0.142857142857143,0.6,"BULL_1",2004
"70",10,5,0.461538461538462,0.294117647058824,0.153846153846154,0.538461538461538,"BULL_3",2004
"71",11,5,0.352941176470588,0.2,0.133333333333333,0.647058823529412,"BULL_6",2004
"72",12,5,0.384615384615385,0.222222222222222,0.153846153846154,0.615384615384615,"GOLB_1",2004
"73",13,5,0.375,0.1875,0.176470588235294,0.625,"GOLB_2",2004
"74",14,5,0.333333333333333,0.166666666666667,0.153846153846154,0.666666666666667,"IVEE_1",2004
"75",15,5,0.307692307692308,0.214285714285714,0.0833333333333333,0.692307692307692,"IVEE_2",2004
"76",21,5,0.578947368421053,0.421052631578947,0.2,0.421052631578947,"MOHK_1",2004
"77",22,5,0.388888888888889,0.235294117647059,0.133333333333333,0.611111111111111,"MOHK_2",2004
"78",23,5,0.318181818181818,0.181818181818182,0.142857142857143,0.681818181818182,"NAPL_1",2004
"79",24,5,0.277777777777778,0.142857142857143,0.125,0.722222222222222,"NAPL_2",2004
"80",25,5,0.266666666666667,0.0714285714285714,0.176470588235294,0.733333333333333,"NAPL_3",2004
"81",26,5,0.357142857142857,0.214285714285714,0.133333333333333,0.642857142857143,"NAPL_4",2004
"82",27,5,0.277777777777778,0.133333333333333,0.125,0.722222222222222,"NAPL_5",2004
"83",28,5,0.333333333333333,0.230769230769231,0.0769230769230769,0.666666666666667,"NAPL_6",2004
"84",29,5,0.352941176470588,0.1875,0.166666666666667,0.647058823529412,"NAPL_7",2004
"85",30,5,0.277777777777778,0.176470588235294,0.105263157894737,0.722222222222222,"NAPL_8",2004
"86",1,6,0.473684210526316,0.263157894736842,0.210526315789474,0.526315789473684,"ABUR_1",2005
"87",2,6,0.6,0.2,0.4,0.4,"ABUR_2",2005
"88",3,6,0.625,0.3125,0.3125,0.375,"AQUE_1",2005
"89",4,6,0.421052631578947,0.294117647058824,0.125,0.578947368421053,"AQUE_2",2005
"90",5,6,0.333333333333333,0.235294117647059,0.0714285714285714,0.666666666666667,"AQUE_3",2005
"91",6,6,0.368421052631579,0.3,0.0526315789473684,0.631578947368421,"AQUE_4",2005
"92",7,6,0.409090909090909,0.304347826086957,0.1,0.590909090909091,"AQUE_5",2005
"93",8,6,0.388888888888889,0.263157894736842,0.117647058823529,0.611111111111111,"AQUE_6",2005
"94",9,6,0.35,0.25,0.0714285714285714,0.65,"BULL_1",2005
"95",10,6,0.421052631578947,0.266666666666667,0.142857142857143,0.578947368421053,"BULL_3",2005
"96",11,6,0.294117647058824,0.1875,0.105263157894737,0.705882352941177,"BULL_6",2005
"97",12,6,0.357142857142857,0.266666666666667,0.0769230769230769,0.642857142857143,"GOLB_1",2005
"98",13,6,0.375,0.235294117647059,0.133333333333333,0.625,"GOLB_2",2005
"99",14,6,0.31578947368421,0.214285714285714,0.0909090909090909,0.68421052631579,"IVEE_1",2005
"100",15,6,0.3125,0.235294117647059,0.0666666666666667,0.6875,"IVEE_2",2005
"101",21,6,0.521739130434783,0.318181818181818,0.217391304347826,0.478260869565217,"MOHK_1",2005
"102",22,6,0.333333333333333,0.235294117647059,0.1,0.666666666666667,"MOHK_2",2005
"103",23,6,0.291666666666667,0.238095238095238,0.0476190476190476,0.708333333333333,"NAPL_1",2005
"104",24,6,0.235294117647059,0.2,0.0476190476190476,0.764705882352941,"NAPL_2",2005
"105",25,6,0.352941176470588,0.272727272727273,0.0625,0.647058823529412,"NAPL_3",2005
"106",26,6,0.294117647058824,0.2,0.0714285714285714,0.705882352941177,"NAPL_4",2005
"107",27,6,0.25,0.176470588235294,0.0588235294117647,0.75,"NAPL_5",2005
"108",28,6,0.333333333333333,0.272727272727273,0.0555555555555556,0.666666666666667,"NAPL_6",2005
"109",29,6,0.3,0.210526315789474,0.0952380952380952,0.7,"NAPL_7",2005
"110",30,6,0.3,0.25,0.0465367965367965,0.7,"NAPL_8",2005
"111",31,6,0.25,0.157894736842105,0.1,0.75,"SCDI_2",2005
"112",32,6,0.31578947368421,0.166666666666667,0.142857142857143,0.68421052631579,"SCDI_3",2005
"113",33,6,0.294117647058824,0.210526315789474,0.0588235294117647,0.705882352941177,"SCTW_2",2005
"114",34,6,0.263157894736842,0.2,0.0526315789473684,0.736842105263158,"SCTW_3",2005
"115",1,7,0.6,0.25,0.35,0.4,"ABUR_1",2006
"116",2,7,0.75,0.666666666666667,0.1,0.25,"ABUR_2",2006
"117",3,7,0.6,0.266666666666667,0.333333333333333,0.4,"AQUE_1",2006
"118",4,7,0.333333333333333,0.15,0.173913043478261,0.666666666666667,"AQUE_2",2006
"119",5,7,0.318181818181818,0.227272727272727,0.0952380952380952,0.681818181818182,"AQUE_3",2006
"120",6,7,0.32,0.208333333333333,0.12,0.68,"AQUE_4",2006
"121",7,7,0.272727272727273,0.117647058823529,0.15,0.727272727272727,"AQUE_5",2006
"122",8,7,0.333333333333333,0.157894736842105,0.176470588235294,0.666666666666667,"AQUE_6",2006
"123",9,7,0.31578947368421,0.142857142857143,0.166666666666667,0.68421052631579,"BULL_1",2006
"124",10,7,0.31578947368421,0.142857142857143,0.176470588235294,0.68421052631579,"BULL_3",2006
"125",11,7,0.285714285714286,0.125,0.151923076923077,0.714285714285714,"BULL_6",2006
"126",12,7,0.333333333333333,0.222222222222222,0.105263157894737,0.666666666666667,"GOLB_1",2006
"127",13,7,0.357142857142857,0.235294117647059,0.117647058823529,0.642857142857143,"GOLB_2",2006
"128",14,7,0.294117647058824,0.176470588235294,0.117647058823529,0.705882352941177,"IVEE_1",2006
"129",15,7,0.294117647058824,0.176470588235294,0.117647058823529,0.705882352941177,"IVEE_2",2006
"130",21,7,0.5,0.333333333333333,0.153846153846154,0.5,"MOHK_1",2006
"131",22,7,0.3,0.181818181818182,0.117647058823529,0.7,"MOHK_2",2006
"132",23,7,0.25,0.0833333333333333,0.173913043478261,0.75,"NAPL_1",2006
"133",24,7,0.238095238095238,0.15,0.0869565217391304,0.761904761904762,"NAPL_2",2006
"134",25,7,0.35,0.157894736842105,0.1875,0.65,"NAPL_3",2006
"135",26,7,0.333333333333333,0.15,0.176470588235294,0.666666666666667,"NAPL_4",2006
"136",27,7,0.31578947368421,0.176470588235294,0.136363636363636,0.68421052631579,"NAPL_5",2006
"137",28,7,0.347826086956522,0.157894736842105,0.181818181818182,0.652173913043478,"NAPL_6",2006
"138",29,7,0.263157894736842,0.181818181818182,0.0909090909090909,0.736842105263158,"NAPL_7",2006
"139",30,7,0.227272727272727,0.0869565217391304,0.136363636363636,0.772727272727273,"NAPL_8",2006
"140",31,7,0.263157894736842,0.19047619047619,0.0588235294117647,0.736842105263158,"SCDI_2",2006
"141",32,7,0.304347826086957,0.208333333333333,0.0952380952380952,0.695652173913043,"SCDI_3",2006
"142",33,7,0.25,0.105263157894737,0.136363636363636,0.75,"SCTW_2",2006
"143",34,7,0.3,0.166666666666667,0.130434782608696,0.7,"SCTW_3",2006
"144",1,8,0.611111111111111,0.277777777777778,0.333333333333333,0.388888888888889,"ABUR_1",2007
"145",2,8,0.444444444444444,0.230769230769231,0.2,0.555555555555556,"ABUR_2",2007
"146",3,8,0.6,0.333333333333333,0.266666666666667,0.4,"AQUE_1",2007
"147",4,8,0.31578947368421,0.105263157894737,0.2,0.68421052631579,"AQUE_2",2007
"148",5,8,0.294117647058824,0.117647058823529,0.166666666666667,0.705882352941177,"AQUE_3",2007
"149",6,8,0.296296296296296,0.166666666666667,0.12,0.703703703703704,"AQUE_4",2007
"150",7,8,0.238095238095238,0.0588235294117647,0.166666666666667,0.761904761904762,"AQUE_5",2007
"151",8,8,0.294117647058824,0.157894736842105,0.125,0.705882352941177,"AQUE_6",2007
"152",9,8,0.294117647058824,0.133333333333333,0.142857142857143,0.705882352941177,"BULL_1",2007
"153",10,8,0.333333333333333,0.117647058823529,0.2,0.666666666666667,"BULL_3",2007
"154",11,8,0.266666666666667,0.0769230769230769,0.176470588235294,0.733333333333333,"BULL_6",2007
"155",12,8,0.3,0.166666666666667,0.133333333333333,0.7,"GOLB_1",2007
"156",13,8,0.285714285714286,0.111111111111111,0.166666666666667,0.714285714285714,"GOLB_2",2007
"157",14,8,0.277777777777778,0.117647058823529,0.157894736842105,0.722222222222222,"IVEE_1",2007
"158",15,8,0.3125,0.105263157894737,0.210526315789474,0.6875,"IVEE_2",2007
"159",21,8,0.37037037037037,0.185185185185185,0.185185185185185,0.62962962962963,"MOHK_1",2007
"160",22,8,0.263157894736842,0.105263157894737,0.15,0.736842105263158,"MOHK_2",2007
"161",23,8,0.235294117647059,0.0833333333333333,0.15,0.764705882352941,"NAPL_1",2007
"162",24,8,0.210526315789474,0.05,0.157894736842105,0.789473684210526,"NAPL_2",2007
"163",25,8,0.25,0.0625,0.1875,0.75,"NAPL_3",2007
"164",26,8,0.333333333333333,0.0666666666666667,0.266666666666667,0.666666666666667,"NAPL_4",2007
"165",27,8,0.25,0.105263157894737,0.136363636363636,0.75,"NAPL_5",2007
"166",28,8,0.260869565217391,0.173913043478261,0.0869565217391304,0.739130434782609,"NAPL_6",2007
"167",29,8,0.285714285714286,0.0526315789473684,0.222222222222222,0.714285714285714,"NAPL_7",2007
"168",30,8,0.19047619047619,0.0952380952380952,0.0909090909090909,0.80952380952381,"NAPL_8",2007
"169",31,8,0.217391304347826,0.1,0.105263157894737,0.782608695652174,"SCDI_2",2007
"170",32,8,0.181818181818182,0.0833333333333333,0.0952380952380952,0.818181818181818,"SCDI_3",2007
"171",33,8,0.227272727272727,0.1,0.117647058823529,0.772727272727273,"SCTW_2",2007
"172",34,8,0.25,0.125,0.125,0.75,"SCTW_3",2007
"173",1,9,0.55,0.4,0.15,0.45,"ABUR_1",2008
"174",2,9,0.307692307692308,0.222222222222222,0.0909090909090909,0.692307692307692,"ABUR_2",2008
"175",3,9,0.529411764705882,0.352941176470588,0.176470588235294,0.470588235294118,"AQUE_1",2008
"176",4,9,0.277777777777778,0.227272727272727,0.0526315789473684,0.722222222222222,"AQUE_2",2008
"177",5,9,0.238095238095238,0.19047619047619,0.0476190476190476,0.761904761904762,"AQUE_3",2008
"178",6,9,0.28,0.111111111111111,0.166666666666667,0.72,"AQUE_4",2008
"179",7,9,0.235294117647059,0.166666666666667,0.0588235294117647,0.764705882352941,"AQUE_5",2008
"180",8,9,0.222222222222222,0.166666666666667,0.05,0.777777777777778,"AQUE_6",2008
"181",9,9,0.3125,0.1875,0.117647058823529,0.6875,"BULL_1",2008
"182",10,9,0.333333333333333,0.25,0.0666666666666667,0.666666666666667,"BULL_3",2008
"183",11,9,0.266666666666667,0.1875,0.0666666666666667,0.733333333333333,"BULL_6",2008
"184",12,9,0.238095238095238,0.15,0.0952380952380952,0.761904761904762,"GOLB_1",2008
"185",13,9,0.263157894736842,0.2,0.0555555555555556,0.736842105263158,"GOLB_2",2008
"186",14,9,0.25,0.1875,0.0555555555555556,0.75,"IVEE_1",2008
"187",15,9,0.25,0.166666666666667,0.0666666666666667,0.75,"IVEE_2",2008
"188",21,9,0.333333333333333,0.185185185185185,0.148148148148148,0.666666666666667,"MOHK_1",2008
"189",22,9,0.263157894736842,0.181818181818182,0.0869565217391304,0.736842105263158,"MOHK_2",2008
"190",23,9,0.227272727272727,0.117647058823529,0.105263157894737,0.772727272727273,"NAPL_1",2008
"191",24,9,0.176470588235294,0.111111111111111,0.0555555555555556,0.823529411764706,"NAPL_2",2008
"192",25,9,0.2,0.142857142857143,0.0526315789473684,0.8,"NAPL_3",2008
"193",26,9,0.25,0.153846153846154,0.0833333333333333,0.75,"NAPL_4",2008
"194",27,9,0.291666666666667,0.173913043478261,0.111111111111111,0.708333333333333,"NAPL_5",2008
"195",28,9,0.333333333333333,0.25,0.0769230769230769,0.666666666666667,"NAPL_6",2008
"196",29,9,0.31578947368421,0.227272727272727,0.0588235294117647,0.68421052631579,"NAPL_7",2008
"197",30,9,0.318181818181818,0.192307692307692,0.125,0.681818181818182,"NAPL_8",2008
"198",31,9,0.238095238095238,0.19047619047619,0.0434782608695652,0.761904761904762,"SCDI_2",2008
"199",32,9,0.2,0.105263157894737,0.0909090909090909,0.8,"SCDI_3",2008
"200",33,9,0.19047619047619,0.130434782608696,0.05,0.80952380952381,"SCTW_2",2008
"201",34,9,0.142857142857143,0.0952380952380952,0.0454545454545455,0.857142857142857,"SCTW_3",2008
"202",1,10,0.409090909090909,0.19047619047619,0.238095238095238,0.590909090909091,"ABUR_1",2009
"203",2,10,0.272727272727273,0.133333333333333,0.133333333333333,0.727272727272727,"ABUR_2",2009
"204",3,10,0.421052631578947,0.263157894736842,0.157894736842105,0.578947368421053,"AQUE_1",2009
"205",4,10,0.222222222222222,0.130434782608696,0.0952380952380952,0.777777777777778,"AQUE_2",2009
"206",5,10,0.217391304347826,0.130434782608696,0.0869565217391304,0.782608695652174,"AQUE_3",2009
"207",6,10,0.24,0.130434782608696,0.107142857142857,0.76,"AQUE_4",2009
"208",7,10,0.3,0.227272727272727,0.0526315789473684,0.7,"AQUE_5",2009
"209",8,10,0.272727272727273,0.217391304347826,0.0454545454545455,0.727272727272727,"AQUE_6",2009
"210",9,10,0.277777777777778,0.125,0.15,0.722222222222222,"BULL_1",2009
"211",10,10,0.294117647058824,0.136363636363636,0.15,0.705882352941177,"BULL_3",2009
"212",11,10,0.294117647058824,0.157894736842105,0.133333333333333,0.705882352941177,"BULL_6",2009
"213",12,10,0.318181818181818,0.157894736842105,0.15,0.681818181818182,"GOLB_1",2009
"214",13,10,0.2,0.117647058823529,0.0588235294117647,0.8,"GOLB_2",2009
"215",14,10,0.235294117647059,0.105263157894737,0.125,0.764705882352941,"IVEE_1",2009
"216",15,10,0.263157894736842,0.142857142857143,0.117647058823529,0.736842105263158,"IVEE_2",2009
"217",21,10,0.423076923076923,0.115384615384615,0.307692307692308,0.576923076923077,"MOHK_1",2009
"218",22,10,0.25,0.1,0.142857142857143,0.75,"MOHK_2",2009
"219",23,10,0.222222222222222,0.1,0.111111111111111,0.777777777777778,"NAPL_1",2009
"220",24,10,0.238095238095238,0.136363636363636,0.1,0.761904761904762,"NAPL_2",2009
"221",25,10,0.222222222222222,0.125,0.0769230769230769,0.777777777777778,"NAPL_3",2009
"222",26,10,0.266666666666667,0.142857142857143,0.1,0.733333333333333,"NAPL_4",2009
"223",27,10,0.210526315789474,0.130434782608696,0.0909090909090909,0.789473684210526,"NAPL_5",2009
"224",28,10,0.307692307692308,0.148148148148148,0.153846153846154,0.692307692307692,"NAPL_6",2009
"225",29,10,0.25,0.111111111111111,0.130434782608696,0.75,"NAPL_7",2009
"226",30,10,0.272727272727273,0.0909090909090909,0.173913043478261,0.727272727272727,"NAPL_8",2009
"227",31,10,0.25,0.214285714285714,0.0357142857142857,0.75,"SCDI_2",2009
"228",32,10,0.208333333333333,0.136363636363636,0.0476190476190476,0.791666666666667,"SCDI_3",2009
"229",33,10,0.25,0.130434782608696,0.12,0.75,"SCTW_2",2009
"230",34,10,0.125,0.0833333333333333,0.0416666666666667,0.875,"SCTW_3",2009
"231",1,11,0.454545454545455,0.272727272727273,0.227272727272727,0.545454545454545,"ABUR_1",2010
"232",2,11,0.384615384615385,0.25,0.125,0.615384615384615,"ABUR_2",2010
"233",3,11,0.631578947368421,0.157894736842105,0.473684210526316,0.368421052631579,"AQUE_1",2010
"234",4,11,0.318181818181818,0.181818181818182,0.130434782608696,0.681818181818182,"AQUE_2",2010
"235",5,11,0.28,0.178571428571429,0.0909090909090909,0.72,"AQUE_3",2010
"236",6,11,0.333333333333333,0.125,0.2,0.666666666666667,"AQUE_4",2010
"237",7,11,0.37037037037037,0.15,0.217391304347826,0.62962962962963,"AQUE_5",2010
"238",8,11,0.269230769230769,0.16,0.107142857142857,0.730769230769231,"AQUE_6",2010
"239",9,11,0.333333333333333,0.210526315789474,0.117647058823529,0.666666666666667,"BULL_1",2010
"240",10,11,0.352941176470588,0.166666666666667,0.176470588235294,0.647058823529412,"BULL_3",2010
"241",11,11,0.31578947368421,0.2,0.111111111111111,0.68421052631579,"BULL_6",2010
"242",12,11,0.363636363636364,0.181818181818182,0.181818181818182,0.636363636363636,"GOLB_1",2010
"243",13,11,0.25,0.125,0.111111111111111,0.75,"GOLB_2",2010
"244",14,11,0.285714285714286,0.142857142857143,0.136363636363636,0.714285714285714,"IVEE_1",2010
"245",15,11,0.31578947368421,0.217391304347826,0.0952380952380952,0.68421052631579,"IVEE_2",2010
"246",21,11,0.4,0.28,0.115384615384615,0.6,"MOHK_1",2010
"247",22,11,0.307692307692308,0.208333333333333,0.0909090909090909,0.692307692307692,"MOHK_2",2010
"248",23,11,0.304347826086957,0.217391304347826,0.0909090909090909,0.695652173913043,"NAPL_1",2010
"249",24,11,0.260869565217391,0.15,0.0952380952380952,0.739130434782609,"NAPL_2",2010
"250",25,11,0.333333333333333,0.25,0.0909090909090909,0.666666666666667,"NAPL_3",2010
"251",26,11,0.444444444444444,0.380952380952381,0.0526315789473684,0.555555555555556,"NAPL_4",2010
"252",27,11,0.272727272727273,0.130434782608696,0.136363636363636,0.727272727272727,"NAPL_5",2010
"253",28,11,0.357142857142857,0.153846153846154,0.2,0.642857142857143,"NAPL_6",2010
"254",29,11,0.333333333333333,0.260869565217391,0.0769230769230769,0.666666666666667,"NAPL_7",2010
"255",30,11,0.304347826086957,0.173163418290855,0.130434782608696,0.695652173913043,"NAPL_8",2010
"256",31,11,0.34375,0.133333333333333,0.2,0.65625,"SCDI_2",2010
"257",32,11,0.259259259259259,0.173913043478261,0.08,0.740740740740741,"SCDI_3",2010
"258",33,11,0.282857142857143,0.192307692307692,0.0869565217391304,0.717142857142857,"SCTW_2",2010
"259",34,11,0.192307692307692,0.16,0.0357142857142857,0.807692307692308,"SCTW_3",2010
"260",1,12,0.458333333333333,0.291666666666667,0.166666666666667,0.541666666666667,"ABUR_1",2011
"261",2,12,0.266666666666667,0.142857142857143,0.117647058823529,0.733333333333333,"ABUR_2",2011
"262",3,12,0.5,0.0909090909090909,0.363636363636364,0.5,"AQUE_1",2011
"263",4,12,0.307692307692308,0.15,0.153846153846154,0.692307692307692,"AQUE_2",2011
"264",5,12,0.217391304347826,0.08,0.130434782608696,0.782608695652174,"AQUE_3",2011
"265",6,12,0.263157894736842,0.15,0.115384615384615,0.736842105263158,"AQUE_4",2011
"266",7,12,0.25,0.105263157894737,0.142857142857143,0.75,"AQUE_5",2011
"267",8,12,0.230769230769231,0.08,0.153846153846154,0.769230769230769,"AQUE_6",2011
"268",9,12,0.25,0.1,0.157894736842105,0.75,"BULL_1",2011
"269",10,12,0.263157894736842,0.125,0.125,0.736842105263158,"BULL_3",2011
"270",11,12,0.294117647058824,0.111111111111111,0.176470588235294,0.705882352941177,"BULL_6",2011
"271",12,12,0.304347826086957,0.117647058823529,0.181818181818182,0.695652173913043,"GOLB_1",2011
"272",13,12,0.25,0.0952380952380952,0.15,0.75,"GOLB_2",2011
"273",14,12,0.277777777777778,0.111111111111111,0.166666666666667,0.722222222222222,"IVEE_1",2011
"274",15,12,0.318181818181818,0.217391304347826,0.0909090909090909,0.681818181818182,"IVEE_2",2011
"275",21,12,0.296296296296296,0.148148148148148,0.148148148148148,0.703703703703704,"MOHK_1",2011
"276",22,12,0.25,0.166666666666667,0.08,0.75,"MOHK_2",2011
"277",23,12,0.285714285714286,0.136363636363636,0.142857142857143,0.714285714285714,"NAPL_1",2011
"278",24,12,0.227272727272727,0.142857142857143,0.0833333333333333,0.772727272727273,"NAPL_2",2011
"279",25,12,0.2,0.111111111111111,0.0909090909090909,0.8,"NAPL_3",2011
"280",26,12,0.263157894736842,0.0526315789473684,0.2,0.736842105263158,"NAPL_4",2011
"281",27,12,0.227272727272727,0.136363636363636,0.0869565217391304,0.772727272727273,"NAPL_5",2011
"282",28,12,0.259259259259259,0.0909090909090909,0.153846153846154,0.740740740740741,"NAPL_6",2011
"283",29,12,0.208333333333333,0.067816091954023,0.130434782608696,0.791666666666667,"NAPL_7",2011
"284",30,12,0.181818181818182,0.0952380952380952,0.0869565217391304,0.818181818181818,"NAPL_8",2011
"285",31,12,0.222222222222222,0.0769230769230769,0.133333333333333,0.777777777777778,"SCDI_2",2011
"286",32,12,0.193548387096774,0.142857142857143,0.037037037037037,0.806451612903226,"SCDI_3",2011
"287",33,12,0.25,0.172413793103448,0.0769230769230769,0.75,"SCTW_2",2011
"288",34,12,0.225806451612903,0.137931034482759,0.0714285714285714,0.774193548387097,"SCTW_3",2011
"289",1,13,0.521739130434783,0.130434782608696,0.391304347826087,0.478260869565217,"ABUR_1",2012
"290",2,13,0.294117647058824,0.142857142857143,0.133333333333333,0.705882352941177,"ABUR_2",2012
"291",3,13,0.571428571428571,0.5,0.0714285714285714,0.428571428571429,"AQUE_1",2012
"292",4,13,0.208333333333333,0.0909090909090909,0.105263157894737,0.791666666666667,"AQUE_2",2012
"293",5,13,0.181818181818182,0.0833333333333333,0.0909090909090909,0.818181818181818,"AQUE_3",2012
"294",6,13,0.16,0.0833333333333333,0.0833333333333333,0.84,"AQUE_4",2012
"295",7,13,0.210526315789474,0.111111111111111,0.0952380952380952,0.789473684210526,"AQUE_5",2012
"296",8,13,0.269230769230769,0.12,0.148148148148148,0.730769230769231,"AQUE_6",2012
"297",9,13,0.25,0.117647058823529,0.125,0.75,"BULL_1",2012
"298",10,13,0.277777777777778,0.111111111111111,0.157894736842105,0.722222222222222,"BULL_3",2012
"299",11,13,0.266666666666667,0.117647058823529,0.133333333333333,0.733333333333333,"BULL_6",2012
"300",12,13,0.277777777777778,0.130434782608696,0.142857142857143,0.722222222222222,"GOLB_1",2012
"301",13,13,0.25,0.1,0.157894736842105,0.75,"GOLB_2",2012
"302",14,13,0.235294117647059,0.125,0.105263157894737,0.764705882352941,"IVEE_1",2012
"303",15,13,0.272727272727273,0.136363636363636,0.130434782608696,0.727272727272727,"IVEE_2",2012
"304",16,13,0.235294117647059,0.117647058823529,0.117647058823529,0.764705882352941,"IVEE_3",2012
"305",17,13,0.4,0.266666666666667,0.142857142857143,0.6,"IVEE_5",2012
"306",18,13,0.333333333333333,0.214285714285714,0.117647058823529,0.666666666666667,"IVEE_6",2012
"307",19,13,0.4,0.266666666666667,0.117647058823529,0.6,"IVEE_7",2012
"308",20,13,0.4,0.277777777777778,0.125,0.6,"IVEE_8",2012
"309",21,13,0.36,0.08,0.28,0.64,"MOHK_1",2012
"310",22,13,0.2,0.08,0.12,0.8,"MOHK_2",2012
"311",23,13,0.2,0.0526315789473684,0.136363636363636,0.8,"NAPL_1",2012
"312",24,13,0.173913043478261,0.08,0.0909090909090909,0.826086956521739,"NAPL_2",2012
"313",25,13,0.173913043478261,0.0952380952380952,0.0869565217391304,0.826086956521739,"NAPL_3",2012
"314",26,13,0.263157894736842,0.0625,0.176470588235294,0.736842105263158,"NAPL_4",2012
"315",27,13,0.173913043478261,0.0952380952380952,0.05,0.826086956521739,"NAPL_5",2012
"316",28,13,0.25,0.130434782608696,0.118823529411765,0.75,"NAPL_6",2012
"317",29,13,0.227272727272727,0.0869565217391304,0.136363636363636,0.772727272727273,"NAPL_7",2012
"318",30,13,0.2,0.0769230769230769,0.125,0.8,"NAPL_8",2012
"319",31,13,0.2,0.04,0.16,0.8,"SCDI_2",2012
"320",32,13,0.206896551724138,0.0666666666666667,0.142857142857143,0.793103448275862,"SCDI_3",2012
"321",33,13,0.192307692307692,0.08,0.107142857142857,0.807692307692308,"SCTW_2",2012
"322",34,13,0.166666666666667,0.0689655172413793,0.09375,0.833333333333333,"SCTW_3",2012
"323",1,14,0.473684210526316,0.31578947368421,0.157894736842105,0.526315789473684,"ABUR_1",2013
"324",2,14,0.352941176470588,0.142857142857143,0.2,0.647058823529412,"ABUR_2",2013
"325",3,14,0.5,0.1875,0.3125,0.5,"AQUE_1",2013
"326",4,14,0.227272727272727,0.130434782608696,0.0869565217391304,0.772727272727273,"AQUE_2",2013
"327",5,14,0.19047619047619,0.1,0.0833333333333333,0.80952380952381,"AQUE_3",2013
"328",6,14,0.217391304347826,0.08,0.142857142857143,0.782608695652174,"AQUE_4",2013
"329",7,14,0.217391304347826,0.117647058823529,0.0909090909090909,0.782608695652174,"AQUE_5",2013
"330",8,14,0.272727272727273,0.107142857142857,0.166666666666667,0.727272727272727,"AQUE_6",2013
"331",9,14,0.266666666666667,0.15,0.117647058823529,0.733333333333333,"BULL_1",2013
"332",10,14,0.3125,0.19047619047619,0.111111111111111,0.6875,"BULL_3",2013
"333",11,14,0.285714285714286,0.117647058823529,0.157894736842105,0.714285714285714,"BULL_6",2013
"334",12,14,0.3125,0.157894736842105,0.142857142857143,0.6875,"GOLB_1",2013
"335",13,14,0.266666666666667,0.15,0.117647058823529,0.733333333333333,"GOLB_2",2013
"336",14,14,0.31578947368421,0.117647058823529,0.1875,0.68421052631579,"IVEE_1",2013
"337",15,14,0.347826086956522,0.1,0.230769230769231,0.652173913043478,"IVEE_2",2013
"338",16,14,0.25,0.166666666666667,0.0666666666666667,0.75,"IVEE_3",2013
"339",17,14,0.307692307692308,0.142857142857143,0.142857142857143,0.692307692307692,"IVEE_5",2013
"340",18,14,0.3125,0.1875,0.125,0.6875,"IVEE_6",2013
"341",19,14,0.222222222222222,0.117647058823529,0.0769230769230769,0.777777777777778,"IVEE_7",2013
"342",20,14,0.421052631578947,0.277777777777778,0.142857142857143,0.578947368421053,"IVEE_8",2013
"343",21,14,0.227272727272727,0.142857142857143,0.0952380952380952,0.772727272727273,"MOHK_1",2013
"344",22,14,0.208333333333333,0.0714285714285714,0.136363636363636,0.791666666666667,"MOHK_2",2013
"345",23,14,0.166666666666667,0.0952380952380952,0.0909090909090909,0.833333333333333,"NAPL_1",2013
"346",24,14,0.25,0.142857142857143,0.0909090909090909,0.75,"NAPL_2",2013
"347",25,14,0.181818181818182,0.0909090909090909,0.0952380952380952,0.818181818181818,"NAPL_3",2013
"348",26,14,0.25,0.0714285714285714,0.153846153846154,0.75,"NAPL_4",2013
"349",27,14,0.230769230769231,0.16,0.0689655172413793,0.769230769230769,"NAPL_5",2013
"350",28,14,0.217391304347826,0.0833333333333333,0.136363636363636,0.782608695652174,"NAPL_6",2013
"351",29,14,0.238095238095238,0.1,0.125,0.761904761904762,"NAPL_7",2013
"352",30,14,0.25,0.192307692307692,0.0434782608695652,0.75,"NAPL_8",2013
"353",31,14,0.166666666666667,0.0833333333333333,0.0869565217391304,0.833333333333333,"SCDI_2",2013
"354",32,14,0.178571428571429,0.0416666666666667,0.12,0.821428571428571,"SCDI_3",2013
"355",33,14,0.192307692307692,0.111111111111111,0.0769230769230769,0.807692307692308,"SCTW_2",2013
"356",34,14,0.153846153846154,0.0666666666666667,0.09375,0.846153846153846,"SCTW_3",2013
"357",1,15,0.45,0.19047619047619,0.3,0.55,"ABUR_1",2014
"358",2,15,0.384615384615385,0.0833333333333333,0.285714285714286,0.615384615384615,"ABUR_2",2014
"359",3,15,0.461538461538462,0.153846153846154,0.307692307692308,0.538461538461538,"AQUE_1",2014
"360",4,15,0.318181818181818,0.0869565217391304,0.227272727272727,0.681818181818182,"AQUE_2",2014
"361",5,15,0.304347826086957,0.05,0.238095238095238,0.695652173913043,"AQUE_3",2014
"362",6,15,0.3,0.05,0.238095238095238,0.7,"AQUE_4",2014
"363",7,15,0.304347826086957,0.0869565217391304,0.222222222222222,0.695652173913043,"AQUE_5",2014
"364",8,15,0.380952380952381,0.05,0.31578947368421,0.619047619047619,"AQUE_6",2014
"365",9,15,0.35,0.111111111111111,0.227272727272727,0.65,"BULL_1",2014
"366",10,15,0.368421052631579,0.105263157894737,0.263157894736842,0.631578947368421,"BULL_3",2014
"367",11,15,0.384615384615385,0.111111111111111,0.277777777777778,0.615384615384615,"BULL_6",2014
"368",12,15,0.375,0.142857142857143,0.227272727272727,0.625,"GOLB_1",2014
"369",13,15,0.352941176470588,0.125,0.222222222222222,0.647058823529412,"GOLB_2",2014
"370",14,15,0.388888888888889,0.0833333333333333,0.285714285714286,0.611111111111111,"IVEE_1",2014
"371",15,15,0.35,0.1,0.238095238095238,0.65,"IVEE_2",2014
"372",16,15,0.3,0.111111111111111,0.1875,0.7,"IVEE_3",2014
"373",17,15,0.4,0.0769230769230769,0.333333333333333,0.6,"IVEE_5",2014
"374",18,15,0.333333333333333,0.117647058823529,0.210526315789474,0.666666666666667,"IVEE_6",2014
"375",19,15,0.333333333333333,0.142857142857143,0.1875,0.666666666666667,"IVEE_7",2014
"376",20,15,0.375,0.0769230769230769,0.277777777777778,0.625,"IVEE_8",2014
"377",21,15,0.347826086956522,0.136363636363636,0.227272727272727,0.652173913043478,"MOHK_1",2014
"378",22,15,0.318181818181818,0.0476190476190476,0.272727272727273,0.681818181818182,"MOHK_2",2014
"379",23,15,0.3,0.0625,0.210526315789474,0.7,"NAPL_1",2014
"380",24,15,0.307692307692308,0.0869565217391304,0.217391304347826,0.692307692307692,"NAPL_2",2014
"381",25,15,0.238095238095238,0.05,0.19047619047619,0.761904761904762,"NAPL_3",2014
"382",26,15,0.416666666666667,0.0625,0.357142857142857,0.583333333333333,"NAPL_4",2014
"383",27,15,0.28,0.0769230769230769,0.2,0.72,"NAPL_5",2014
"384",28,15,0.3,0.0869565217391304,0.210526315789474,0.7,"NAPL_6",2014
"385",29,15,0.304347826086957,0,0.277777777777778,0.695652173913043,"NAPL_7",2014
"386",30,15,0.25,0.0416666666666667,0.208333333333333,0.75,"NAPL_8",2014
"387",31,15,0.263157894736842,0,0.238095238095238,0.736842105263158,"SCDI_2",2014
"388",32,15,0.307692307692308,0.08,0.24,0.692307692307692,"SCDI_3",2014
"389",33,15,0.222222222222222,0.0384615384615385,0.192307692307692,0.777777777777778,"SCTW_2",2014
"390",34,15,0.28,0,0.269230769230769,0.72,"SCTW_3",2014
"391",1,16,0.473684210526316,0.263157894736842,0.210526315789474,0.526315789473684,"ABUR_1",2015
"392",2,16,0.461538461538462,0.181818181818182,0.272727272727273,0.538461538461538,"ABUR_2",2015
"393",3,16,0.454545454545455,0.181818181818182,0.272727272727273,0.545454545454545,"AQUE_1",2015
"394",4,16,0.409090909090909,0.166666666666667,0.238095238095238,0.590909090909091,"AQUE_2",2015
"395",5,16,0.4,0.157894736842105,0.238095238095238,0.6,"AQUE_3",2015
"396",6,16,0.375,0.111111111111111,0.25,0.625,"AQUE_4",2015
"397",7,16,0.409090909090909,0.222222222222222,0.181818181818182,0.590909090909091,"AQUE_5",2015
"398",8,16,0.411764705882353,0.117647058823529,0.285714285714286,0.588235294117647,"AQUE_6",2015
"399",9,16,0.4,0.19047619047619,0.2,0.6,"BULL_1",2015
"400",10,16,0.352941176470588,0.133333333333333,0.210526315789474,0.647058823529412,"BULL_3",2015
"401",11,16,0.4,0.153846153846154,0.230769230769231,0.6,"BULL_6",2015
"402",12,16,0.466666666666667,0.133333333333333,0.31578947368421,0.533333333333333,"GOLB_1",2015
"403",13,16,0.428571428571429,0.125,0.3125,0.571428571428571,"GOLB_2",2015
"404",14,16,0.454545454545455,0.166666666666667,0.272727272727273,0.545454545454545,"IVEE_1",2015
"405",15,16,0.444444444444444,0.238095238095238,0.2,0.555555555555556,"IVEE_2",2015
"406",16,16,0.4375,0.166666666666667,0.266666666666667,0.5625,"IVEE_3",2015
"407",17,16,0.454545454545455,0.181818181818182,0.25,0.545454545454545,"IVEE_5",2015
"408",18,16,0.388888888888889,0.153846153846154,0.230769230769231,0.611111111111111,"IVEE_6",2015
"409",19,16,0.421052631578947,0.157894736842105,0.266666666666667,0.578947368421053,"IVEE_7",2015
"410",20,16,0.461538461538462,0.2,0.25,0.538461538461538,"IVEE_8",2015
"411",21,16,0.478260869565217,0.260869565217391,0.217391304347826,0.521739130434783,"MOHK_1",2015
"412",22,16,0.352941176470588,0.157894736842105,0.2,0.647058823529412,"MOHK_2",2015
"413",23,16,0.45,0.2,0.25,0.55,"NAPL_1",2015
"414",24,16,0.434782608695652,0.15,0.272727272727273,0.565217391304348,"NAPL_2",2015
"415",25,16,0.436141304347826,0.157894736842105,0.272727272727273,0.563858695652174,"NAPL_3",2015
"416",26,16,0.533333333333333,0.25,0.272727272727273,0.466666666666667,"NAPL_4",2015
"417",27,16,0.454545454545455,0.0909090909090909,0.363636363636364,0.545454545454545,"NAPL_5",2015
"418",28,16,0.35,0.166666666666667,0.166666666666667,0.65,"NAPL_6",2015
"419",29,16,0.411764705882353,0.210526315789474,0.2,0.588235294117647,"NAPL_7",2015
"420",30,16,0.409090909090909,0.166666666666667,0.25,0.590909090909091,"NAPL_8",2015
"421",31,16,0.333333333333333,0.1875,0.15,0.666666666666667,"SCDI_2",2015
"422",32,16,0.272727272727273,0.136363636363636,0.130434782608696,0.727272727272727,"SCDI_3",2015
"423",33,16,0.208333333333333,0.0909090909090909,0.0952380952380952,0.791666666666667,"SCTW_2",2015
"424",34,16,0.19047619047619,0.0952380952380952,0.0909090909090909,0.80952380952381,"SCTW_3",2015
"425",1,17,0.473684210526316,0.210526315789474,0.263157894736842,0.526315789473684,"ABUR_1",2016
"426",2,17,0.333333333333333,0.181818181818182,0.142857142857143,0.666666666666667,"ABUR_2",2016
"427",3,17,0.5,0.333333333333333,0.166666666666667,0.5,"AQUE_1",2016
"428",4,17,0.277777777777778,0.0666666666666667,0.1875,0.722222222222222,"AQUE_2",2016
"429",5,17,0.235294117647059,0.0666666666666667,0.15,0.764705882352941,"AQUE_3",2016
"430",6,17,0.235294117647059,0.0714285714285714,0.153846153846154,0.764705882352941,"AQUE_4",2016
"431",7,17,0.347826086956522,0.2,0.136363636363636,0.652173913043478,"AQUE_5",2016
"432",8,17,0.235294117647059,0.0833333333333333,0.142857142857143,0.764705882352941,"AQUE_6",2016
"433",9,17,0.285714285714286,0.117647058823529,0.166666666666667,0.714285714285714,"BULL_1",2016
"434",10,17,0.25,0.0769230769230769,0.166666666666667,0.75,"BULL_3",2016
"435",11,17,0.307692307692308,0.214285714285714,0.0833333333333333,0.692307692307692,"BULL_6",2016
"436",12,17,0.333333333333333,0.0909090909090909,0.214285714285714,0.666666666666667,"GOLB_1",2016
"437",13,17,0.272727272727273,0.0833333333333333,0.181818181818182,0.727272727272727,"GOLB_2",2016
"438",14,17,0.294117647058824,0.111111111111111,0.166666666666667,0.705882352941177,"IVEE_1",2016
"439",15,17,0.333333333333333,0.0666666666666667,0.25,0.666666666666667,"IVEE_2",2016
"440",16,17,0.307692307692308,0.0909090909090909,0.2,0.692307692307692,"IVEE_3",2016
"441",17,17,0.3,0.1,0.2,0.7,"IVEE_5",2016
"442",18,17,0.285714285714286,0.0769230769230769,0.2,0.714285714285714,"IVEE_6",2016
"443",19,17,0.3,0.0666666666666667,0.222222222222222,0.7,"IVEE_7",2016
"444",20,17,0.307692307692308,0.0833333333333333,0.2,0.692307692307692,"IVEE_8",2016
"445",21,17,0.3,0.0526315789473684,0.210526315789474,0.7,"MOHK_1",2016
"446",22,17,0.235294117647059,0.0769230769230769,0.13961038961039,0.764705882352941,"MOHK_2",2016
"447",23,17,0.1875,0.0714285714285714,0.111111111111111,0.8125,"NAPL_1",2016
"448",24,17,0.222222222222222,0.0625,0.15,0.777777777777778,"NAPL_2",2016
"449",25,17,0.3125,0.111111111111111,0.2,0.6875,"NAPL_3",2016
"450",26,17,0.3,0.111111111111111,0.2,0.7,"NAPL_4",2016
"451",27,17,0.214285714285714,0.0625,0.142857142857143,0.785714285714286,"NAPL_5",2016
"452",28,17,0.222222222222222,0.105263157894737,0.117647058823529,0.777777777777778,"NAPL_6",2016
"453",29,17,0.31578947368421,0.157894736842105,0.166666666666667,0.68421052631579,"NAPL_7",2016
"454",30,17,0.176470588235294,0.0526315789473684,0.125,0.823529411764706,"NAPL_8",2016
"455",31,17,0.277777777777778,0.15,0.117647058823529,0.722222222222222,"SCDI_2",2016
"456",32,17,0.15,0.0952380952380952,0.0526315789473684,0.85,"SCDI_3",2016
"457",33,17,0.217391304347826,0.0869565217391304,0.136363636363636,0.782608695652174,"SCTW_2",2016
"458",34,17,0.136363636363636,0.1,0,0.863636363636364,"SCTW_3",2016
"459",1,18,0.705882352941177,0.176470588235294,0.529411764705882,0.294117647058824,"ABUR_1",2017
"460",2,18,0.4,0.230769230769231,0.153846153846154,0.6,"ABUR_2",2017
"461",3,18,0.466666666666667,0.333333333333333,0.133333333333333,0.533333333333333,"AQUE_1",2017
"462",4,18,0.352941176470588,0.133333333333333,0.210526315789474,0.647058823529412,"AQUE_2",2017
"463",5,18,0.277777777777778,0.125,0.133333333333333,0.722222222222222,"AQUE_3",2017
"464",6,18,0.266666666666667,0.166666666666667,0.0769230769230769,0.733333333333333,"AQUE_4",2017
"465",7,18,0.3,0.0869565217391304,0.210526315789474,0.7,"AQUE_5",2017
"466",8,18,0.307692307692308,0.153846153846154,0.133333333333333,0.692307692307692,"AQUE_6",2017
"467",9,18,0.375,0.2,0.166666666666667,0.625,"BULL_1",2017
"468",10,18,0.461538461538462,0.176470588235294,0.272727272727273,0.538461538461538,"BULL_3",2017
"469",11,18,0.470588235294118,0.266666666666667,0.2,0.529411764705882,"BULL_6",2017
"470",12,18,0.416666666666667,0.230769230769231,0.181818181818182,0.583333333333333,"GOLB_1",2017
"471",13,18,0.405882352941176,0.25,0.142857142857143,0.594117647058824,"GOLB_2",2017
"472",14,18,0.363636363636364,0.181818181818182,0.166666666666667,0.636363636363636,"IVEE_1",2017
"473",15,18,0.333333333333333,0.142857142857143,0.176470588235294,0.666666666666667,"IVEE_2",2017
"474",16,18,0.333333333333333,0.181818181818182,0.133333333333333,0.666666666666667,"IVEE_3",2017
"475",17,18,0.416666666666667,0.25,0.142857142857143,0.583333333333333,"IVEE_5",2017
"476",18,18,0.333333333333333,0.166666666666667,0.166666666666667,0.666666666666667,"IVEE_6",2017
"477",19,18,0.333333333333333,0.133333333333333,0.1875,0.666666666666667,"IVEE_7",2017
"478",20,18,0.428571428571429,0.294117647058824,0.125,0.571428571428571,"IVEE_8",2017
"479",21,18,0.363636363636364,0.318181818181818,0.0454545454545455,0.636363636363636,"MOHK_1",2017
"480",22,18,0.3125,0.1875,0.111111111111111,0.6875,"MOHK_2",2017
"481",23,18,0.235294117647059,0.125,0.117647058823529,0.764705882352941,"NAPL_1",2017
"482",24,18,0.352941176470588,0.142857142857143,0.1875,0.647058823529412,"NAPL_2",2017
"483",25,18,0.266666666666667,0.0769230769230769,0.153846153846154,0.733333333333333,"NAPL_3",2017
"484",26,18,0.333333333333333,0.222222222222222,0.1,0.666666666666667,"NAPL_4",2017
"485",27,18,0.31578947368421,0.214285714285714,0.111111111111111,0.68421052631579,"NAPL_5",2017
"486",28,18,0.35,0.208333333333333,0.142857142857143,0.65,"NAPL_6",2017
"487",29,18,0.333333333333333,0.166666666666667,0.176470588235294,0.666666666666667,"NAPL_7",2017
"488",30,18,0.421052631578947,0.208333333333333,0.222222222222222,0.578947368421053,"NAPL_8",2017
"489",31,18,0.238095238095238,0.111111111111111,0.111111111111111,0.761904761904762,"SCDI_2",2017
"490",32,18,0.3,0.05,0.25,0.7,"SCDI_3",2017
"491",33,18,0.285714285714286,0.0952380952380952,0.19047619047619,0.714285714285714,"SCTW_2",2017
"492",34,18,0.2,0.0833333333333333,0.12,0.8,"SCTW_3",2017
"493",1,19,0.4,0.2,0.2,0.6,"ABUR_1",2018
"494",2,19,0.3,0.153846153846154,0.142857142857143,0.7,"ABUR_2",2018
"495",3,19,0.428571428571429,0.0714285714285714,0.357142857142857,0.571428571428571,"AQUE_1",2018
"496",4,19,0.214285714285714,0.0714285714285714,0.142857142857143,0.785714285714286,"AQUE_2",2018
"497",5,19,0.1875,0.105263157894737,0.0666666666666667,0.8125,"AQUE_3",2018
"498",6,19,0.25,0.133333333333333,0.125,0.75,"AQUE_4",2018
"499",7,19,0.176470588235294,0.0588235294117647,0.111111111111111,0.823529411764706,"AQUE_5",2018
"500",8,19,0.230769230769231,0.0909090909090909,0.133333333333333,0.769230769230769,"AQUE_6",2018
"501",9,19,0.266666666666667,0.0769230769230769,0.166666666666667,0.733333333333333,"BULL_1",2018
"502",10,19,0.3,0.181818181818182,0.1,0.7,"BULL_3",2018
"503",11,19,0.307692307692308,0.0769230769230769,0.214285714285714,0.692307692307692,"BULL_6",2018
"504",12,19,0.3,0.0833333333333333,0.2,0.7,"GOLB_1",2018
"505",13,19,0.3,0.0833333333333333,0.2,0.7,"GOLB_2",2018
"506",14,19,0.272727272727273,0.0909090909090909,0.181818181818182,0.727272727272727,"IVEE_1",2018
"507",15,19,0.333333333333333,0.133333333333333,0.1875,0.666666666666667,"IVEE_2",2018
"508",16,19,0.2,0.0769230769230769,0.1,0.8,"IVEE_3",2018
"509",17,19,0.333333333333333,0.111111111111111,0.222222222222222,0.666666666666667,"IVEE_5",2018
"510",18,19,0.25,0.0909090909090909,0.153846153846154,0.75,"IVEE_6",2018
"511",19,19,0.272727272727273,0.0909090909090909,0.166666666666667,0.727272727272727,"IVEE_7",2018
"512",20,19,0.333333333333333,0.0714285714285714,0.25,0.666666666666667,"IVEE_8",2018
"513",21,19,0.304347826086957,0.0869565217391304,0.217391304347826,0.695652173913043,"MOHK_1",2018
"514",22,19,0.210526315789474,0.105263157894737,0.117647058823529,0.789473684210526,"MOHK_2",2018
"515",23,19,0.25,0.117647058823529,0.125,0.75,"NAPL_1",2018
"516",24,19,0.235294117647059,0.125,0.125,0.764705882352941,"NAPL_2",2018
"517",25,19,0.25,0.133333333333333,0.0909090909090909,0.75,"NAPL_3",2018
"518",26,19,0.222222222222222,0.111111111111111,0.1,0.777777777777778,"NAPL_4",2018
"519",27,19,0.294117647058824,0.125,0.157894736842105,0.705882352941177,"NAPL_5",2018
"520",28,19,0.294117647058824,0.0909090909090909,0.208333333333333,0.705882352941177,"NAPL_6",2018
"521",29,19,0.277777777777778,0.125,0.133333333333333,0.722222222222222,"NAPL_7",2018
"522",30,19,0.3125,0.117647058823529,0.1875,0.6875,"NAPL_8",2018
"523",31,19,0.176470588235294,0.0588235294117647,0.111111111111111,0.823529411764706,"SCDI_2",2018
"524",32,19,0.133333333333333,0,0.0769230769230769,0.866666666666667,"SCDI_3",2018
"525",33,19,0.235294117647059,0.105263157894737,0.125,0.764705882352941,"SCTW_2",2018
"526",34,19,0.192307692307692,0.0869565217391304,0.107142857142857,0.807692307692308,"SCTW_3",2018
"527",1,20,0.769230769230769,0.384615384615385,0.384615384615385,0.230769230769231,"ABUR_1",2019
"528",2,20,0.363636363636364,0.153846153846154,0.2,0.636363636363636,"ABUR_2",2019
"529",3,20,0.538461538461538,0.307692307692308,0.230769230769231,0.461538461538462,"AQUE_1",2019
"530",4,20,0.352941176470588,0.2,0.133333333333333,0.647058823529412,"AQUE_2",2019
"531",5,20,0.352941176470588,0.125,0.214285714285714,0.647058823529412,"AQUE_3",2019
"532",6,20,0.294117647058824,0.142857142857143,0.133333333333333,0.705882352941177,"AQUE_4",2019
"533",7,20,0.222222222222222,0.136363636363636,0.0625,0.777777777777778,"AQUE_5",2019
"534",8,20,0.307692307692308,0.2,0.0909090909090909,0.692307692307692,"AQUE_6",2019
"535",9,20,0.411764705882353,0.263157894736842,0.142857142857143,0.588235294117647,"BULL_1",2019
"536",10,20,0.4,0.230769230769231,0.166666666666667,0.6,"BULL_3",2019
"537",11,20,0.388888888888889,0.214285714285714,0.162280701754386,0.611111111111111,"BULL_6",2019
"538",12,20,0.416666666666667,0.230769230769231,0.166666666666667,0.583333333333333,"GOLB_1",2019
"539",13,20,0.384615384615385,0.214285714285714,0.166666666666667,0.615384615384615,"GOLB_2",2019
"540",14,20,0.375,0.2,0.181818181818182,0.625,"IVEE_1",2019
"541",15,20,0.384615384615385,0.230769230769231,0.133333333333333,0.615384615384615,"IVEE_2",2019
"542",16,20,0.25,0.181818181818182,0.0714285714285714,0.75,"IVEE_3",2019
"543",17,20,0.375,0.222222222222222,0.125,0.625,"IVEE_5",2019
"544",18,20,0.333333333333333,0.166666666666667,0.181818181818182,0.666666666666667,"IVEE_6",2019
"545",19,20,0.333333333333333,0.2,0.142857142857143,0.666666666666667,"IVEE_7",2019
"546",20,20,0.363636363636364,0.205263157894737,0.153846153846154,0.636363636363636,"IVEE_8",2019
"547",21,20,0.333333333333333,0.142857142857143,0.19047619047619,0.666666666666667,"MOHK_1",2019
"548",22,20,0.275252525252525,0.117647058823529,0.157894736842105,0.724747474747475,"MOHK_2",2019
"549",23,20,0.277777777777778,0.176470588235294,0.111111111111111,0.722222222222222,"NAPL_1",2019
"550",24,20,0.25,0.125,0.133333333333333,0.75,"NAPL_2",2019
"551",25,20,0.375,0.235294117647059,0.133333333333333,0.625,"NAPL_3",2019
"552",26,20,0.307692307692308,0.230769230769231,0.0833333333333333,0.692307692307692,"NAPL_4",2019
"553",27,20,0.31578947368421,0.176470588235294,0.125,0.68421052631579,"NAPL_5",2019
"554",28,20,0.333333333333333,0.25,0.0909090909090909,0.666666666666667,"NAPL_6",2019
"555",29,20,0.3125,0.166666666666667,0.142857142857143,0.6875,"NAPL_7",2019
"556",30,20,0.294117647058824,0.2,0.1,0.705882352941177,"NAPL_8",2019
"557",31,20,0.166666666666667,0.0588235294117647,0.105263157894737,0.833333333333333,"SCDI_2",2019
"558",32,20,0.153846153846154,0.0714285714285714,0.0625,0.846153846153846,"SCDI_3",2019
"559",33,20,0.166666666666667,0.105263157894737,0.0555555555555556,0.833333333333333,"SCTW_2",2019
"560",34,20,0.217391304347826,0.0909090909090909,0.125,0.782608695652174,"SCTW_3",2019
"561",1,21,0.642857142857143,0.384615384615385,0.307692307692308,0.357142857142857,"ABUR_1",2020
"562",2,21,0.363636363636364,0.181818181818182,0.166666666666667,0.636363636363636,"ABUR_2",2020
"563",3,21,0.75,0.375,0.375,0.25,"AQUE_1",2020
"564",4,21,0.333333333333333,0.2,0.125,0.666666666666667,"AQUE_2",2020
"565",5,21,0.3125,0.153846153846154,0.142857142857143,0.6875,"AQUE_3",2020
"566",6,21,0.333333333333333,0.25,0.0625,0.666666666666667,"AQUE_4",2020
"567",7,21,0.285714285714286,0.173913043478261,0.105263157894737,0.714285714285714,"AQUE_5",2020
"568",8,21,0.285714285714286,0.2,0.0714285714285714,0.714285714285714,"AQUE_6",2020
"569",9,21,0.357142857142857,0.133333333333333,0.230769230769231,0.642857142857143,"BULL_1",2020
"570",10,21,0.375,0.2,0.166666666666667,0.625,"BULL_3",2020
"571",11,21,0.368421052631579,0.277777777777778,0.0714285714285714,0.631578947368421,"BULL_6",2020
"572",12,21,0.375,0.2,0.166666666666667,0.625,"GOLB_1",2020
"573",13,21,0.375,0.1875,0.166666666666667,0.625,"GOLB_2",2020
"574",14,21,0.333333333333333,0.214285714285714,0.1,0.666666666666667,"IVEE_1",2020
"575",15,21,0.357142857142857,0.157894736842105,0.2,0.642857142857143,"IVEE_2",2020
"576",16,21,0.307692307692308,0.2,0.117647058823529,0.692307692307692,"IVEE_3",2020
"577",17,21,0.4,0.2,0.181818181818182,0.6,"IVEE_5",2020
"578",18,21,0.333333333333333,0.181818181818182,0.153846153846154,0.666666666666667,"IVEE_6",2020
"579",19,21,0.357142857142857,0.181818181818182,0.166666666666667,0.642857142857143,"IVEE_7",2020
"580",20,21,0.3125,0.181818181818182,0.133333333333333,0.6875,"IVEE_8",2020
"581",21,21,0.375,0.291666666666667,0.0833333333333333,0.625,"MOHK_1",2020
"582",22,21,0.266666666666667,0.166666666666667,0.1,0.733333333333333,"MOHK_2",2020
"583",23,21,0.238095238095238,0.166666666666667,0.0555555555555556,0.761904761904762,"NAPL_1",2020
"584",24,21,0.277777777777778,0.176470588235294,0.111111111111111,0.722222222222222,"NAPL_2",2020
"585",25,21,0.352941176470588,0.263157894736842,0.1,0.647058823529412,"NAPL_3",2020
"586",26,21,0.307692307692308,0.181818181818182,0.0909090909090909,0.692307692307692,"NAPL_4",2020
"587",27,21,0.210526315789474,0.166666666666667,0.05,0.789473684210526,"NAPL_5",2020
"588",28,21,0.238095238095238,0.0952380952380952,0.136363636363636,0.761904761904762,"NAPL_6",2020
"589",29,21,0.222222222222222,0.133333333333333,0.0625,0.777777777777778,"NAPL_7",2020
"590",30,21,0.235294117647059,0.15,0.0952380952380952,0.764705882352941,"NAPL_8",2020
"591",31,21,0.176470588235294,0.111111111111111,0.0588235294117647,0.823529411764706,"SCDI_2",2020
"592",32,21,0.210526315789474,0.15,0.0588235294117647,0.789473684210526,"SCDI_3",2020
"593",33,21,0.238095238095238,0.173913043478261,0.0526315789473684,0.761904761904762,"SCTW_2",2020
"594",34,21,0.208333333333333,0.1,0.0909090909090909,0.791666666666667,"SCTW_3",2020
"595",1,22,0.666666666666667,0.5,0.166666666666667,0.333333333333333,"ABUR_1",2021
"596",2,22,0.333333333333333,0.222222222222222,0.1,0.666666666666667,"ABUR_2",2021
"597",3,22,0.75,0.375,0.375,0.25,"AQUE_1",2021
"598",4,22,0.294117647058824,0.210526315789474,0.0625,0.705882352941177,"AQUE_2",2021
"599",5,22,0.3125,0.214285714285714,0.0769230769230769,0.6875,"AQUE_3",2021
"600",6,22,0.263157894736842,0.111111111111111,0.15,0.736842105263158,"AQUE_4",2021
"601",7,22,0.210526315789474,0.0952380952380952,0.111111111111111,0.789473684210526,"AQUE_5",2021
"602",8,22,0.277777777777778,0.157894736842105,0.117647058823529,0.722222222222222,"AQUE_6",2021
"603",9,22,0.333333333333333,0.222222222222222,0.0952380952380952,0.666666666666667,"BULL_1",2021
"604",10,22,0.333333333333333,0.188988095238095,0.133333333333333,0.666666666666667,"BULL_3",2021
"605",11,22,0.368421052631579,0.227272727272727,0.136363636363636,0.631578947368421,"BULL_6",2021
"606",12,22,0.333333333333333,0.2,0.117647058823529,0.666666666666667,"GOLB_1",2021
"607",13,22,0.384615384615385,0.230769230769231,0.142857142857143,0.615384615384615,"GOLB_2",2021
"608",14,22,0.363636363636364,0.230769230769231,0.125,0.636363636363636,"IVEE_1",2021
"609",15,22,0.307692307692308,0.142857142857143,0.142857142857143,0.692307692307692,"IVEE_2",2021
"610",16,22,0.3125,0.166666666666667,0.133333333333333,0.6875,"IVEE_3",2021
"611",17,22,0.416666666666667,0.25,0.153846153846154,0.583333333333333,"IVEE_5",2021
"612",18,22,0.428571428571429,0.285714285714286,0.133333333333333,0.571428571428571,"IVEE_6",2021
"613",19,22,0.375,0.230769230769231,0.142857142857143,0.625,"IVEE_7",2021
"614",20,22,0.352941176470588,0.2,0.142857142857143,0.647058823529412,"IVEE_8",2021
"615",21,22,0.28,0.12,0.16,0.72,"MOHK_1",2021
"616",22,22,0.25,0.117647058823529,0.133333333333333,0.75,"MOHK_2",2021
"617",23,22,0.2,0.1,0.1,0.8,"NAPL_1",2021
"618",24,22,0.294117647058824,0.125,0.166666666666667,0.705882352941177,"NAPL_2",2021
"619",25,22,0.285714285714286,0.181818181818182,0.1,0.714285714285714,"NAPL_3",2021
"620",26,22,0.3125,0.2,0.111111111111111,0.6875,"NAPL_4",2021
"621",27,22,0.222222222222222,0.105263157894737,0.105263157894737,0.777777777777778,"NAPL_5",2021
"622",28,22,0.238095238095238,0.142857142857143,0.0952380952380952,0.761904761904762,"NAPL_6",2021
"623",29,22,0.222222222222222,0.133333333333333,0.0625,0.777777777777778,"NAPL_7",2021
"624",30,22,0.238095238095238,0.136363636363636,0.105263157894737,0.761904761904762,"NAPL_8",2021
"625",31,22,0.263157894736842,0.15,0.105263157894737,0.736842105263158,"SCDI_2",2021
"626",32,22,0.285714285714286,0.2,0.0909090909090909,0.714285714285714,"SCDI_3",2021
"627",33,22,0.260869565217391,0.0833333333333333,0.181818181818182,0.739130434782609,"SCTW_2",2021
"628",34,22,0.217391304347826,0.0833333333333333,0.130434782608696,0.782608695652174,"SCTW_3",2021
"629",1,23,0.5,0.0625,0.4375,0.5,"ABUR_1",2022
"630",2,23,0.285714285714286,0.1,0.166666666666667,0.714285714285714,"ABUR_2",2022
"631",3,23,0.416666666666667,0.166666666666667,0.25,0.583333333333333,"AQUE_1",2022
"632",4,23,0.294117647058824,0.0666666666666667,0.210526315789474,0.705882352941177,"AQUE_2",2022
"633",5,23,0.285714285714286,0.0666666666666667,0.2,0.714285714285714,"AQUE_3",2022
"634",6,23,0.25,0.0666666666666667,0.166666666666667,0.75,"AQUE_4",2022
"635",7,23,0.260869565217391,0.0952380952380952,0.166666666666667,0.739130434782609,"AQUE_5",2022
"636",8,23,0.222222222222222,0.0625,0.142857142857143,0.777777777777778,"AQUE_6",2022
"637",9,23,0.294117647058824,0.105263157894737,0.1875,0.705882352941177,"BULL_1",2022
"638",10,23,0.333333333333333,0.142857142857143,0.176470588235294,0.666666666666667,"BULL_3",2022
"639",11,23,0.294117647058824,0.0666666666666667,0.210526315789474,0.705882352941177,"BULL_6",2022
"640",12,23,0.285714285714286,0.0833333333333333,0.181818181818182,0.714285714285714,"GOLB_1",2022
"641",13,23,0.272727272727273,0.0833333333333333,0.166666666666667,0.727272727272727,"GOLB_2",2022
"642",14,23,0.285714285714286,0.1,0.166666666666667,0.714285714285714,"IVEE_1",2022
"643",15,23,0.272727272727273,0.0769230769230769,0.181818181818182,0.727272727272727,"IVEE_2",2022
"644",16,23,0.333333333333333,0.0714285714285714,0.25,0.666666666666667,"IVEE_3",2022
"645",17,23,0.333333333333333,0.125,0.181818181818182,0.666666666666667,"IVEE_5",2022
"646",18,23,0.375,0.0909090909090909,0.266666666666667,0.625,"IVEE_6",2022
"647",19,23,0.333333333333333,0.153846153846154,0.176470588235294,0.666666666666667,"IVEE_7",2022
"648",20,23,0.307692307692308,0.125,0.181818181818182,0.692307692307692,"IVEE_8",2022
"649",21,23,0.380952380952381,0,0.380952380952381,0.619047619047619,"MOHK_1",2022
"650",22,23,0.25,0.0625,0.166666666666667,0.75,"MOHK_2",2022
"651",23,23,0.263157894736842,0.0952380952380952,0.157894736842105,0.736842105263158,"NAPL_1",2022
"652",24,23,0.2,0.0666666666666667,0.133333333333333,0.8,"NAPL_2",2022
"653",25,23,0.19047619047619,0.130434782608696,0.05,0.80952380952381,"NAPL_3",2022
"654",26,23,0.214285714285714,0.0714285714285714,0.133333333333333,0.785714285714286,"NAPL_4",2022
"655",27,23,0.25,0.105263157894737,0.142857142857143,0.75,"NAPL_5",2022
"656",28,23,0.217391304347826,0.136363636363636,0.0833333333333333,0.782608695652174,"NAPL_6",2022
"657",29,23,0.176470588235294,0.0588235294117647,0.117647058823529,0.823529411764706,"NAPL_7",2022
"658",30,23,0.210526315789474,0.0588235294117647,0.136363636363636,0.789473684210526,"NAPL_8",2022
"659",31,23,0.266666666666667,0.0526315789473684,0.210526315789474,0.733333333333333,"SCDI_2",2022
"660",32,23,0.294117647058824,0.05,0.238095238095238,0.705882352941177,"SCDI_3",2022
"661",33,23,0.263157894736842,0.105263157894737,0.157894736842105,0.736842105263158,"SCTW_2",2022
"662",34,23,0.238095238095238,0.1,0.130434782608696,0.761904761904762,"SCTW_3",2022
