"","yrID","TransID","bray","SD","RECYEAR","TRANSNUM","WATERSHED","NPP","NPP_l1","NPP_l2","NPP_l3","NPP_l4","NPP_l5","TAVE","TAVE_l1","TAVE_l2","TAVE_l3","TAVE_l4","TAVE_l5","PPT","PPT_l1","PPT_l2","PPT_l3","PPT_l4","PPT_l5","NA.","NA..1","NA..2","NA..3","NA..4","NA..5"
"1",2,1,0.633000800243499,0.0371772521841231,1982,3,"004B",NA,NA,NA,NA,NA,NA,6.61169565217391,21.2748805031447,NA,NA,NA,NA,7.16842105263158,12.6296296296296,NA,NA,NA,NA,NA,NA,NA,NA,NA,NA
"2",2,2,0.633331484792006,0.0370484832088127,1982,8,"001D",NA,NA,NA,NA,NA,NA,6.61169565217391,21.2748805031447,NA,NA,NA,NA,7.16842105263158,12.6296296296296,NA,NA,NA,NA,NA,NA,NA,NA,NA,NA
"3",2,3,0.632549808568801,0.0372611367082709,1982,14,"020B",NA,NA,NA,NA,NA,NA,6.61169565217391,21.2748805031447,NA,NA,NA,NA,7.16842105263158,12.6296296296296,NA,NA,NA,NA,NA,NA,NA,NA,NA,NA
"4",3,1,0.6560517055551,0.0373253319548177,1983,3,"004B",NA,NA,NA,NA,NA,NA,3.15753072625698,20.6074065934066,6.61169565217391,21.2748805031447,NA,NA,2.01173184357542,2.18406593406594,7.16842105263158,12.6296296296296,NA,NA,NA,NA,NA,NA,NA,NA
"5",3,2,0.656234948842305,0.0373876536724879,1983,8,"001D",NA,NA,NA,NA,NA,NA,3.15753072625698,20.6074065934066,6.61169565217391,21.2748805031447,NA,NA,2.01173184357542,2.18406593406594,7.16842105263158,12.6296296296296,NA,NA,NA,NA,NA,NA,NA,NA
"6",3,3,0.655702314877626,0.0374140240189622,1983,14,"020B",NA,NA,NA,NA,NA,NA,3.15753072625698,20.6074065934066,6.61169565217391,21.2748805031447,NA,NA,2.01173184357542,2.18406593406594,7.16842105263158,12.6296296296296,NA,NA,NA,NA,NA,NA,NA,NA
"7",4,1,0.56576026303834,0.0413669163949539,1984,3,"004B",21.657,NA,NA,NA,NA,NA,3.74067213114754,20.0459234972678,3.15753072625698,20.6074065934066,6.61169565217391,21.2748805031447,7.12093023255814,11.7685185185185,2.01173184357542,2.18406593406594,7.16842105263158,12.6296296296296,NA,NA,NA,NA,NA,NA
"8",4,2,0.565809144000059,0.041379652842081,1984,8,"001D",25.18075,NA,NA,NA,NA,NA,3.74067213114754,20.0459234972678,3.15753072625698,20.6074065934066,6.61169565217391,21.2748805031447,7.12093023255814,11.7685185185185,2.01173184357542,2.18406593406594,7.16842105263158,12.6296296296296,NA,NA,NA,NA,NA,NA
"9",4,3,0.565906527409763,0.0414707362256044,1984,14,"020B",17.00025,NA,NA,NA,NA,NA,3.74067213114754,20.0459234972678,3.15753072625698,20.6074065934066,6.61169565217391,21.2748805031447,7.12093023255814,11.7685185185185,2.01173184357542,2.18406593406594,7.16842105263158,12.6296296296296,NA,NA,NA,NA,NA,NA
"10",5,1,0.573999952101236,0.0466121732188603,1985,3,"004B",24.298,21.657,NA,NA,NA,NA,1.70632386363636,19.9550983606557,3.74067213114754,20.0459234972678,3.15753072625698,20.6074065934066,5.26976744186046,11.2433333333333,7.12093023255814,11.7685185185185,2.01173184357542,2.18406593406594,7.16842105263158,12.6296296296296,NA,NA,NA,NA
"11",5,2,0.578630884456218,0.0468071006993002,1985,8,"001D",12.111,25.18075,NA,NA,NA,NA,1.70632386363636,19.9550983606557,3.74067213114754,20.0459234972678,3.15753072625698,20.6074065934066,5.26976744186046,11.2433333333333,7.12093023255814,11.7685185185185,2.01173184357542,2.18406593406594,7.16842105263158,12.6296296296296,NA,NA,NA,NA
"12",5,3,0.57452462193642,0.0464740045817417,1985,14,"020B",16.875,17.00025,NA,NA,NA,NA,1.70632386363636,19.9550983606557,3.74067213114754,20.0459234972678,3.15753072625698,20.6074065934066,5.26976744186046,11.2433333333333,7.12093023255814,11.7685185185185,2.01173184357542,2.18406593406594,7.16842105263158,12.6296296296296,NA,NA,NA,NA
"13",6,1,0.562059088824769,0.0431642795899057,1986,3,"004B",16.3575,24.298,21.657,NA,NA,NA,4.73212849162011,21.0973430232558,1.70632386363636,19.9550983606557,3.74067213114754,20.0459234972678,7.58108108108108,9.41791044776119,5.26976744186046,11.2433333333333,7.12093023255814,11.7685185185185,2.01173184357542,2.18406593406594,7.16842105263158,12.6296296296296,NA,NA
"14",6,2,0.566898493729626,0.042673149498292,1986,8,"001D",27.25125,12.111,25.18075,NA,NA,NA,4.73212849162011,21.0973430232558,1.70632386363636,19.9550983606557,3.74067213114754,20.0459234972678,7.58108108108108,9.41791044776119,5.26976744186046,11.2433333333333,7.12093023255814,11.7685185185185,2.01173184357542,2.18406593406594,7.16842105263158,12.6296296296296,NA,NA
"15",6,3,0.562517382996029,0.0429696128762437,1986,14,"020B",18.86025,16.875,17.00025,NA,NA,NA,4.73212849162011,21.0973430232558,1.70632386363636,19.9550983606557,3.74067213114754,20.0459234972678,7.58108108108108,9.41791044776119,5.26976744186046,11.2433333333333,7.12093023255814,11.7685185185185,2.01173184357542,2.18406593406594,7.16842105263158,12.6296296296296,NA,NA
"16",7,1,0.540134901090541,0.0353223385660967,1987,3,"004B",36.134,16.3575,24.298,21.657,NA,NA,5.061,21.4294640883978,4.73212849162011,21.0973430232558,1.70632386363636,19.9550983606557,7.97297297297297,13.1923076923077,7.58108108108108,9.41791044776119,5.26976744186046,11.2433333333333,7.12093023255814,11.7685185185185,2.01173184357542,2.18406593406594,7.16842105263158,12.6296296296296
"17",7,2,0.540700229689532,0.034691841831484,1987,8,"001D",31.47925,27.25125,12.111,25.18075,NA,NA,5.061,21.4294640883978,4.73212849162011,21.0973430232558,1.70632386363636,19.9550983606557,7.97297297297297,13.1923076923077,7.58108108108108,9.41791044776119,5.26976744186046,11.2433333333333,7.12093023255814,11.7685185185185,2.01173184357542,2.18406593406594,7.16842105263158,12.6296296296296
"18",7,3,0.539786683271808,0.0352392516298831,1987,14,"020B",22.99525,18.86025,16.875,17.00025,NA,NA,5.061,21.4294640883978,4.73212849162011,21.0973430232558,1.70632386363636,19.9550983606557,7.97297297297297,13.1923076923077,7.58108108108108,9.41791044776119,5.26976744186046,11.2433333333333,7.12093023255814,11.7685185185185,2.01173184357542,2.18406593406594,7.16842105263158,12.6296296296296
"19",8,1,0.512477554948201,0.0299847561572141,1988,3,"004B",19.841,36.134,16.3575,24.298,21.657,NA,3.87714364640884,21.879202247191,5.061,21.4294640883978,4.73212849162011,21.0973430232558,3.84090909090909,11.3285714285714,7.97297297297297,13.1923076923077,7.58108108108108,9.41791044776119,5.26976744186046,11.2433333333333,7.12093023255814,11.7685185185185,2.01173184357542,2.18406593406594
"20",8,2,0.512948780749553,0.0300050669100903,1988,8,"001D",23.00925,31.47925,27.25125,12.111,25.18075,NA,3.87714364640884,21.879202247191,5.061,21.4294640883978,4.73212849162011,21.0973430232558,3.84090909090909,11.3285714285714,7.97297297297297,13.1923076923077,7.58108108108108,9.41791044776119,5.26976744186046,11.2433333333333,7.12093023255814,11.7685185185185,2.01173184357542,2.18406593406594
"21",8,3,0.512326597212452,0.0296687062695139,1988,14,"020B",22.55125,22.99525,18.86025,16.875,17.00025,NA,3.87714364640884,21.879202247191,5.061,21.4294640883978,4.73212849162011,21.0973430232558,3.84090909090909,11.3285714285714,7.97297297297297,13.1923076923077,7.58108108108108,9.41791044776119,5.26976744186046,11.2433333333333,7.12093023255814,11.7685185185185,2.01173184357542,2.18406593406594
"22",9,1,0.456810843348711,0.039013370547207,1989,3,"004B",12.62375,19.841,36.134,16.3575,24.298,21.657,2.85648888888889,20.4498260869565,3.87714364640884,21.879202247191,5.061,21.4294640883978,5.34,8.3265306122449,3.84090909090909,11.3285714285714,7.97297297297297,13.1923076923077,7.58108108108108,9.41791044776119,5.26976744186046,11.2433333333333,7.12093023255814,11.7685185185185
"23",9,2,0.45727407482655,0.0388614200639449,1989,8,"001D",14.951,23.00925,31.47925,27.25125,12.111,25.18075,2.85648888888889,20.4498260869565,3.87714364640884,21.879202247191,5.061,21.4294640883978,5.34,8.3265306122449,3.84090909090909,11.3285714285714,7.97297297297297,13.1923076923077,7.58108108108108,9.41791044776119,5.26976744186046,11.2433333333333,7.12093023255814,11.7685185185185
"24",9,3,0.457106017626733,0.038479068767486,1989,14,"020B",21.378,22.55125,22.99525,18.86025,16.875,17.00025,2.85648888888889,20.4498260869565,3.87714364640884,21.879202247191,5.061,21.4294640883978,5.34,8.3265306122449,3.84090909090909,11.3285714285714,7.97297297297297,13.1923076923077,7.58108108108108,9.41791044776119,5.26976744186046,11.2433333333333,7.12093023255814,11.7685185185185
"25",10,1,0.525734813360286,0.0406883364046053,1990,3,"004B",24.37575,12.62375,19.841,36.134,16.3575,24.298,5.69692307692308,20.5765355191257,2.85648888888889,20.4498260869565,3.87714364640884,21.879202247191,5.03421052631579,8.06382978723404,5.34,8.3265306122449,3.84090909090909,11.3285714285714,7.97297297297297,13.1923076923077,7.58108108108108,9.41791044776119,5.26976744186046,11.2433333333333
"26",10,2,0.525961865737846,0.0405076335542019,1990,8,"001D",39.93225,14.951,23.00925,31.47925,27.25125,12.111,5.69692307692308,20.5765355191257,2.85648888888889,20.4498260869565,3.87714364640884,21.879202247191,5.03421052631579,8.06382978723404,5.34,8.3265306122449,3.84090909090909,11.3285714285714,7.97297297297297,13.1923076923077,7.58108108108108,9.41791044776119,5.26976744186046,11.2433333333333
"27",10,3,0.525728529788645,0.0404213587887042,1990,14,"020B",30.75125,21.378,22.55125,22.99525,18.86025,16.875,5.69692307692308,20.5765355191257,2.85648888888889,20.4498260869565,3.87714364640884,21.879202247191,5.03421052631579,8.06382978723404,5.34,8.3265306122449,3.84090909090909,11.3285714285714,7.97297297297297,13.1923076923077,7.58108108108108,9.41791044776119,5.26976744186046,11.2433333333333
"28",11,1,0.536603930896259,0.0438369462632921,1991,3,"004B",45.7835,24.37575,12.62375,19.841,36.134,16.3575,2.69692307692308,21.7218524590164,5.69692307692308,20.5765355191257,2.85648888888889,20.4498260869565,5.44117647058824,7.85102040816327,5.03421052631579,8.06382978723404,5.34,8.3265306122449,3.84090909090909,11.3285714285714,7.97297297297297,13.1923076923077,7.58108108108108,9.41791044776119
"29",11,2,0.535621730535112,0.0436240080451918,1991,8,"001D",43.628,39.93225,14.951,23.00925,31.47925,27.25125,2.69692307692308,21.7218524590164,5.69692307692308,20.5765355191257,2.85648888888889,20.4498260869565,5.44117647058824,7.85102040816327,5.03421052631579,8.06382978723404,5.34,8.3265306122449,3.84090909090909,11.3285714285714,7.97297297297297,13.1923076923077,7.58108108108108,9.41791044776119
"30",11,3,0.536255805966454,0.0437429785118792,1991,14,"020B",55.76875,30.75125,21.378,22.55125,22.99525,18.86025,2.69692307692308,21.7218524590164,5.69692307692308,20.5765355191257,2.85648888888889,20.4498260869565,5.44117647058824,7.85102040816327,5.03421052631579,8.06382978723404,5.34,8.3265306122449,3.84090909090909,11.3285714285714,7.97297297297297,13.1923076923077,7.58108108108108,9.41791044776119
"31",12,1,0.48428278413069,0.0463535759401965,1992,3,"004B",30.3833333333333,45.7835,24.37575,12.62375,19.841,36.134,5.38659191256831,19.4525635359116,2.69692307692308,21.7218524590164,5.69692307692308,20.5765355191257,6.49509615384615,9.65964912280702,5.44117647058824,7.85102040816327,5.03421052631579,8.06382978723404,5.34,8.3265306122449,3.84090909090909,11.3285714285714,7.97297297297297,13.1923076923077
"32",12,2,0.483772843643248,0.0463235867509417,1992,8,"001D",34.2483333333333,43.628,39.93225,14.951,23.00925,31.47925,5.38659191256831,19.4525635359116,2.69692307692308,21.7218524590164,5.69692307692308,20.5765355191257,6.49509615384615,9.65964912280702,5.44117647058824,7.85102040816327,5.03421052631579,8.06382978723404,5.34,8.3265306122449,3.84090909090909,11.3285714285714,7.97297297297297,13.1923076923077
"33",12,3,0.48345553086081,0.0459621128034041,1992,14,"020B",38.16,55.76875,30.75125,21.378,22.55125,22.99525,5.38659191256831,19.4525635359116,2.69692307692308,21.7218524590164,5.69692307692308,20.5765355191257,6.49509615384615,9.65964912280702,5.44117647058824,7.85102040816327,5.03421052631579,8.06382978723404,5.34,8.3265306122449,3.84090909090909,11.3285714285714,7.97297297297297,13.1923076923077
"34",13,1,0.444474374302947,0.0512523391375768,1993,3,"004B",29.9183333333333,30.3833333333333,45.7835,24.37575,12.62375,19.841,3.06935320441989,19.6156005494506,5.38659191256831,19.4525635359116,2.69692307692308,21.7218524590164,0.983977900552487,5.76648351648352,6.49509615384615,9.65964912280702,5.44117647058824,7.85102040816327,5.03421052631579,8.06382978723404,5.34,8.3265306122449,3.84090909090909,11.3285714285714
"35",13,2,0.443703812042143,0.0513363341749406,1993,8,"001D",47.18,34.2483333333333,43.628,39.93225,14.951,23.00925,3.06935320441989,19.6156005494506,5.38659191256831,19.4525635359116,2.69692307692308,21.7218524590164,0.983977900552487,5.76648351648352,6.49509615384615,9.65964912280702,5.44117647058824,7.85102040816327,5.03421052631579,8.06382978723404,5.34,8.3265306122449,3.84090909090909,11.3285714285714
"36",13,3,0.444176531850141,0.051066041446594,1993,14,"020B",31.3766666666667,38.16,55.76875,30.75125,21.378,22.55125,3.06935320441989,19.6156005494506,5.38659191256831,19.4525635359116,2.69692307692308,21.7218524590164,0.983977900552487,5.76648351648352,6.49509615384615,9.65964912280702,5.44117647058824,7.85102040816327,5.03421052631579,8.06382978723404,5.34,8.3265306122449,3.84090909090909,11.3285714285714
"37",14,1,0.528975893723485,0.0346888552499204,1994,3,"004B",34.5508333333333,29.9183333333333,30.3833333333333,45.7835,24.37575,12.62375,4.65515093406593,20.7415469945355,3.06935320441989,19.6156005494506,5.38659191256831,19.4525635359116,0.866483516483516,2.61147540983607,0.983977900552487,5.76648351648352,6.49509615384615,9.65964912280702,5.44117647058824,7.85102040816327,5.03421052631579,8.06382978723404,5.34,8.3265306122449
"38",14,2,0.52837945889561,0.034556671108589,1994,8,"001D",31.4273333333333,47.18,34.2483333333333,43.628,39.93225,14.951,4.65515093406593,20.7415469945355,3.06935320441989,19.6156005494506,5.38659191256831,19.4525635359116,0.866483516483516,2.61147540983607,0.983977900552487,5.76648351648352,6.49509615384615,9.65964912280702,5.44117647058824,7.85102040816327,5.03421052631579,8.06382978723404,5.34,8.3265306122449
"39",14,3,0.528962485062887,0.0345437295819654,1994,14,"020B",20.7873333333333,31.3766666666667,38.16,55.76875,30.75125,21.378,4.65515093406593,20.7415469945355,3.06935320441989,19.6156005494506,5.38659191256831,19.4525635359116,0.866483516483516,2.61147540983607,0.983977900552487,5.76648351648352,6.49509615384615,9.65964912280702,5.44117647058824,7.85102040816327,5.03421052631579,8.06382978723404,5.34,8.3265306122449
"40",15,1,0.54802493019044,0.0433702987965323,1995,3,"004B",34.291,34.5508333333333,29.9183333333333,30.3833333333333,45.7835,24.37575,4.48540978021978,19.9564644808743,4.65515093406593,20.7415469945355,3.06935320441989,19.6156005494506,5.19090909090909,11.8584615384615,0.866483516483516,2.61147540983607,0.983977900552487,5.76648351648352,6.49509615384615,9.65964912280702,5.44117647058824,7.85102040816327,5.03421052631579,8.06382978723404
"41",15,2,0.547254504546878,0.0433322660763264,1995,8,"001D",42.5386666666667,31.4273333333333,47.18,34.2483333333333,43.628,39.93225,4.48540978021978,19.9564644808743,4.65515093406593,20.7415469945355,3.06935320441989,19.6156005494506,5.19090909090909,11.8584615384615,0.866483516483516,2.61147540983607,0.983977900552487,5.76648351648352,6.49509615384615,9.65964912280702,5.44117647058824,7.85102040816327,5.03421052631579,8.06382978723404
"42",15,3,0.547476407486181,0.0434363542462417,1995,14,"020B",33.0205,20.7873333333333,31.3766666666667,38.16,55.76875,30.75125,4.48540978021978,19.9564644808743,4.65515093406593,20.7415469945355,3.06935320441989,19.6156005494506,5.19090909090909,11.8584615384615,0.866483516483516,2.61147540983607,0.983977900552487,5.76648351648352,6.49509615384615,9.65964912280702,5.44117647058824,7.85102040816327,5.03421052631579,8.06382978723404
"43",16,1,0.461390666220608,0.0409427952724071,1996,3,"004B",27.3976666666667,34.291,34.5508333333333,29.9183333333333,30.3833333333333,45.7835,2.93084879781421,20.3497635359116,4.48540978021978,19.9564644808743,4.65515093406593,20.7415469945355,8.66363636363636,8.21666666666667,5.19090909090909,11.8584615384615,0.866483516483516,2.61147540983607,0.983977900552487,5.76648351648352,6.49509615384615,9.65964912280702,5.44117647058824,7.85102040816327
"44",16,2,0.461898936754147,0.0417093363050549,1996,8,"001D",33.8368333333333,42.5386666666667,31.4273333333333,47.18,34.2483333333333,43.628,2.93084879781421,20.3497635359116,4.48540978021978,19.9564644808743,4.65515093406593,20.7415469945355,8.66363636363636,8.21666666666667,5.19090909090909,11.8584615384615,0.866483516483516,2.61147540983607,0.983977900552487,5.76648351648352,6.49509615384615,9.65964912280702,5.44117647058824,7.85102040816327
"45",16,3,0.463073532409939,0.0416284637786701,1996,14,"020B",25.1813333333333,33.0205,20.7873333333333,31.3766666666667,38.16,55.76875,2.93084879781421,20.3497635359116,4.48540978021978,19.9564644808743,4.65515093406593,20.7415469945355,8.66363636363636,8.21666666666667,5.19090909090909,11.8584615384615,0.866483516483516,2.61147540983607,0.983977900552487,5.76648351648352,6.49509615384615,9.65964912280702,5.44117647058824,7.85102040816327
"46",17,1,0.470729382161798,0.0337942165419548,1997,3,"004B",24.2835,27.3976666666667,34.291,34.5508333333333,29.9183333333333,30.3833333333333,3.04330703030303,20.1618950595238,2.93084879781421,20.3497635359116,4.48540978021978,19.9564644808743,2.19887640449438,8.15849056603774,8.66363636363636,8.21666666666667,5.19090909090909,11.8584615384615,0.866483516483516,2.61147540983607,0.983977900552487,5.76648351648352,6.49509615384615,9.65964912280702
"47",17,2,0.471857478450569,0.0335562557205549,1997,8,"001D",26.1495,33.8368333333333,42.5386666666667,31.4273333333333,47.18,34.2483333333333,3.04330703030303,20.1618950595238,2.93084879781421,20.3497635359116,4.48540978021978,19.9564644808743,2.19887640449438,8.15849056603774,8.66363636363636,8.21666666666667,5.19090909090909,11.8584615384615,0.866483516483516,2.61147540983607,0.983977900552487,5.76648351648352,6.49509615384615,9.65964912280702
"48",17,3,0.473309890723503,0.0336521165415231,1997,14,"020B",24.3876666666667,25.1813333333333,33.0205,20.7873333333333,31.3766666666667,38.16,3.04330703030303,20.1618950595238,2.93084879781421,20.3497635359116,4.48540978021978,19.9564644808743,2.19887640449438,8.15849056603774,8.66363636363636,8.21666666666667,5.19090909090909,11.8584615384615,0.866483516483516,2.61147540983607,0.983977900552487,5.76648351648352,6.49509615384615,9.65964912280702
"49",18,1,0.498963802371871,0.0595450538167813,1998,3,"004B",40.7385,24.2835,27.3976666666667,34.291,34.5508333333333,29.9183333333333,5.38796109756098,21.9086453551913,3.04330703030303,20.1618950595238,2.93084879781421,20.3497635359116,2.24939024390244,3.14262295081967,2.19887640449438,8.15849056603774,8.66363636363636,8.21666666666667,5.19090909090909,11.8584615384615,0.866483516483516,2.61147540983607,0.983977900552487,5.76648351648352
"50",18,2,0.497504360911633,0.0598942225959158,1998,8,"001D",32.8685,26.1495,33.8368333333333,42.5386666666667,31.4273333333333,47.18,5.38796109756098,21.9086453551913,3.04330703030303,20.1618950595238,2.93084879781421,20.3497635359116,2.24939024390244,3.14262295081967,2.19887640449438,8.15849056603774,8.66363636363636,8.21666666666667,5.19090909090909,11.8584615384615,0.866483516483516,2.61147540983607,0.983977900552487,5.76648351648352
"51",18,3,0.498126101545829,0.0595196893923498,1998,14,"020B",32.8665,24.3876666666667,25.1813333333333,33.0205,20.7873333333333,31.3766666666667,5.38796109756098,21.9086453551913,3.04330703030303,20.1618950595238,2.93084879781421,20.3497635359116,2.24939024390244,3.14262295081967,2.19887640449438,8.15849056603774,8.66363636363636,8.21666666666667,5.19090909090909,11.8584615384615,0.866483516483516,2.61147540983607,0.983977900552487,5.76648351648352
"52",19,1,0.518180639519573,0.044418566684371,1999,3,"004B",31.7435,40.7385,24.2835,27.3976666666667,34.291,34.5508333333333,6.27293209150327,20.36586,5.38796109756098,21.9086453551913,3.04330703030303,20.1618950595238,0.859354838709677,4.1939393939394,2.24939024390244,3.14262295081967,2.19887640449438,8.15849056603774,8.66363636363636,8.21666666666667,5.19090909090909,11.8584615384615,0.866483516483516,2.61147540983607
"53",19,2,0.517715605387338,0.0442240712084172,1999,8,"001D",35.6456666666667,32.8685,26.1495,33.8368333333333,42.5386666666667,31.4273333333333,6.27293209150327,20.36586,5.38796109756098,21.9086453551913,3.04330703030303,20.1618950595238,0.859354838709677,4.1939393939394,2.24939024390244,3.14262295081967,2.19887640449438,8.15849056603774,8.66363636363636,8.21666666666667,5.19090909090909,11.8584615384615,0.866483516483516,2.61147540983607
"54",19,3,0.51778709184851,0.0440511575977546,1999,14,"020B",32.3601666666667,32.8665,24.3876666666667,25.1813333333333,33.0205,20.7873333333333,6.27293209150327,20.36586,5.38796109756098,21.9086453551913,3.04330703030303,20.1618950595238,0.859354838709677,4.1939393939394,2.24939024390244,3.14262295081967,2.19887640449438,8.15849056603774,8.66363636363636,8.21666666666667,5.19090909090909,11.8584615384615,0.866483516483516,2.61147540983607
"55",20,1,0.555943770886436,0.0443572978968942,2000,3,"004B",36.1371666666667,31.7435,40.7385,24.2835,27.3976666666667,34.291,4.20636256830601,22.2429614457831,6.27293209150327,20.36586,5.38796109756098,21.9086453551913,5.26590909090909,7.27551020408163,0.859354838709677,4.1939393939394,2.24939024390244,3.14262295081967,2.19887640449438,8.15849056603774,8.66363636363636,8.21666666666667,5.19090909090909,11.8584615384615
"56",20,2,0.555250467929794,0.0441755744430957,2000,8,"001D",31.8811666666667,35.6456666666667,32.8685,26.1495,33.8368333333333,42.5386666666667,4.20636256830601,22.2429614457831,6.27293209150327,20.36586,5.38796109756098,21.9086453551913,5.26590909090909,7.27551020408163,0.859354838709677,4.1939393939394,2.24939024390244,3.14262295081967,2.19887640449438,8.15849056603774,8.66363636363636,8.21666666666667,5.19090909090909,11.8584615384615
"57",20,3,0.555606372754697,0.0446152667915343,2000,14,"020B",22.9548333333333,32.3601666666667,32.8665,24.3876666666667,25.1813333333333,33.0205,4.20636256830601,22.2429614457831,6.27293209150327,20.36586,5.38796109756098,21.9086453551913,5.26590909090909,7.27551020408163,0.859354838709677,4.1939393939394,2.24939024390244,3.14262295081967,2.19887640449438,8.15849056603774,8.66363636363636,8.21666666666667,5.19090909090909,11.8584615384615
"58",21,1,0.54486966129346,0.0356621891619302,2001,3,"004B",26.1756666666667,36.1371666666667,31.7435,40.7385,24.2835,27.3976666666667,5.14077900552486,22.0108524590164,4.20636256830601,22.2429614457831,6.27293209150327,20.36586,8.04047619047619,12.4140350877193,5.26590909090909,7.27551020408163,0.859354838709677,4.1939393939394,2.24939024390244,3.14262295081967,2.19887640449438,8.15849056603774,8.66363636363636,8.21666666666667
"59",21,2,0.544871989814575,0.0355910434383913,2001,8,"001D",29.5201666666667,31.8811666666667,35.6456666666667,32.8685,26.1495,33.8368333333333,5.14077900552486,22.0108524590164,4.20636256830601,22.2429614457831,6.27293209150327,20.36586,8.04047619047619,12.4140350877193,5.26590909090909,7.27551020408163,0.859354838709677,4.1939393939394,2.24939024390244,3.14262295081967,2.19887640449438,8.15849056603774,8.66363636363636,8.21666666666667
"60",21,3,0.544999190976825,0.0356256635806125,2001,14,"020B",25.5015,22.9548333333333,32.3601666666667,32.8665,24.3876666666667,25.1813333333333,5.14077900552486,22.0108524590164,4.20636256830601,22.2429614457831,6.27293209150327,20.36586,8.04047619047619,12.4140350877193,5.26590909090909,7.27551020408163,0.859354838709677,4.1939393939394,2.24939024390244,3.14262295081967,2.19887640449438,8.15849056603774,8.66363636363636,8.21666666666667
"61",22,1,0.503772280607011,0.0370390212287379,2002,3,"004B",29.73525,26.1756666666667,36.1371666666667,31.7435,40.7385,24.2835,4.24452747252747,22.3664110429448,5.14077900552486,22.0108524590164,4.20636256830601,22.2429614457831,6.77586206896552,10.9452380952381,8.04047619047619,12.4140350877193,5.26590909090909,7.27551020408163,0.859354838709677,4.1939393939394,2.24939024390244,3.14262295081967,2.19887640449438,8.15849056603774
"62",22,2,0.503943826312875,0.0369003618376439,2002,8,"001D",43.441,29.5201666666667,31.8811666666667,35.6456666666667,32.8685,26.1495,4.24452747252747,22.3664110429448,5.14077900552486,22.0108524590164,4.20636256830601,22.2429614457831,6.77586206896552,10.9452380952381,8.04047619047619,12.4140350877193,5.26590909090909,7.27551020408163,0.859354838709677,4.1939393939394,2.24939024390244,3.14262295081967,2.19887640449438,8.15849056603774
"63",22,3,0.503496395130901,0.0369189321742297,2002,14,"020B",32.828,25.5015,22.9548333333333,32.3601666666667,32.8665,24.3876666666667,4.24452747252747,22.3664110429448,5.14077900552486,22.0108524590164,4.20636256830601,22.2429614457831,6.77586206896552,10.9452380952381,8.04047619047619,12.4140350877193,5.26590909090909,7.27551020408163,0.859354838709677,4.1939393939394,2.24939024390244,3.14262295081967,2.19887640449438,8.15849056603774
"64",23,1,0.529755250252284,0.0377871104337371,2003,3,"004B",37.0015,29.73525,26.1756666666667,36.1371666666667,31.7435,40.7385,4.45777472527472,20.8677049180328,4.24452747252747,22.3664110429448,5.14077900552486,22.0108524590164,4.16944444444444,12.7222222222222,6.77586206896552,10.9452380952381,8.04047619047619,12.4140350877193,5.26590909090909,7.27551020408163,0.859354838709677,4.1939393939394,2.24939024390244,3.14262295081967
"65",23,2,0.529780419536653,0.0379875930997492,2003,8,"001D",40.259,43.441,29.5201666666667,31.8811666666667,35.6456666666667,32.8685,4.45777472527472,20.8677049180328,4.24452747252747,22.3664110429448,5.14077900552486,22.0108524590164,4.16944444444444,12.7222222222222,6.77586206896552,10.9452380952381,8.04047619047619,12.4140350877193,5.26590909090909,7.27551020408163,0.859354838709677,4.1939393939394,2.24939024390244,3.14262295081967
"66",23,3,0.529685242694405,0.0382535641925012,2003,14,"020B",33.99475,32.828,25.5015,22.9548333333333,32.3601666666667,32.8665,4.45777472527472,20.8677049180328,4.24452747252747,22.3664110429448,5.14077900552486,22.0108524590164,4.16944444444444,12.7222222222222,6.77586206896552,10.9452380952381,8.04047619047619,12.4140350877193,5.26590909090909,7.27551020408163,0.859354838709677,4.1939393939394,2.24939024390244,3.14262295081967
"67",24,1,0.540010729863991,0.0441819135571609,2004,3,"004B",42.19725,37.0015,29.73525,26.1756666666667,36.1371666666667,31.7435,4.88731638418079,20.5301038251366,4.45777472527472,20.8677049180328,4.24452747252747,22.3664110429448,1.43722222222222,4.03606557377049,4.16944444444444,12.7222222222222,6.77586206896552,10.9452380952381,8.04047619047619,12.4140350877193,5.26590909090909,7.27551020408163,0.859354838709677,4.1939393939394
"68",24,2,0.539412597786598,0.043981006727368,2004,8,"001D",53.4215,40.259,43.441,29.5201666666667,31.8811666666667,35.6456666666667,4.88731638418079,20.5301038251366,4.45777472527472,20.8677049180328,4.24452747252747,22.3664110429448,1.43722222222222,4.03606557377049,4.16944444444444,12.7222222222222,6.77586206896552,10.9452380952381,8.04047619047619,12.4140350877193,5.26590909090909,7.27551020408163,0.859354838709677,4.1939393939394
"69",24,3,0.539427997908966,0.0439184863275135,2004,14,"020B",40.679,33.99475,32.828,25.5015,22.9548333333333,32.3601666666667,4.88731638418079,20.5301038251366,4.45777472527472,20.8677049180328,4.24452747252747,22.3664110429448,1.43722222222222,4.03606557377049,4.16944444444444,12.7222222222222,6.77586206896552,10.9452380952381,8.04047619047619,12.4140350877193,5.26590909090909,7.27551020408163,0.859354838709677,4.1939393939394
"70",25,1,0.516907014816355,0.0493583062775354,2005,3,"004B",35.4255,42.19725,37.0015,29.73525,26.1756666666667,36.1371666666667,4.70995555555556,21.6239615384615,4.88731638418079,20.5301038251366,4.45777472527472,20.8677049180328,1.47348066298342,3.76483516483517,1.43722222222222,4.03606557377049,4.16944444444444,12.7222222222222,6.77586206896552,10.9452380952381,8.04047619047619,12.4140350877193,5.26590909090909,7.27551020408163
"71",25,2,0.516726819778553,0.0497409548867802,2005,8,"001D",37.91875,53.4215,40.259,43.441,29.5201666666667,31.8811666666667,4.70995555555556,21.6239615384615,4.88731638418079,20.5301038251366,4.45777472527472,20.8677049180328,1.47348066298342,3.76483516483517,1.43722222222222,4.03606557377049,4.16944444444444,12.7222222222222,6.77586206896552,10.9452380952381,8.04047619047619,12.4140350877193,5.26590909090909,7.27551020408163
"72",25,3,0.51662776446521,0.0494255161051101,2005,14,"020B",31.92875,40.679,33.99475,32.828,25.5015,22.9548333333333,4.70995555555556,21.6239615384615,4.88731638418079,20.5301038251366,4.45777472527472,20.8677049180328,1.47348066298342,3.76483516483517,1.43722222222222,4.03606557377049,4.16944444444444,12.7222222222222,6.77586206896552,10.9452380952381,8.04047619047619,12.4140350877193,5.26590909090909,7.27551020408163
"73",26,1,0.55290210758043,0.0459728146458948,2006,3,"004B",29.56,35.4255,42.19725,37.0015,29.73525,26.1756666666667,6.08462430939227,21.7325901639344,4.70995555555556,21.6239615384615,4.88731638418079,20.5301038251366,0.552486187845304,3.06338797814208,1.47348066298342,3.76483516483517,1.43722222222222,4.03606557377049,4.16944444444444,12.7222222222222,6.77586206896552,10.9452380952381,8.04047619047619,12.4140350877193
"74",26,2,0.55290535870493,0.0462403216968764,2006,8,"001D",40.448,37.91875,53.4215,40.259,43.441,29.5201666666667,6.08462430939227,21.7325901639344,4.70995555555556,21.6239615384615,4.88731638418079,20.5301038251366,0.552486187845304,3.06338797814208,1.47348066298342,3.76483516483517,1.43722222222222,4.03606557377049,4.16944444444444,12.7222222222222,6.77586206896552,10.9452380952381,8.04047619047619,12.4140350877193
"75",26,3,0.55261933553205,0.0460338481486675,2006,14,"020B",32.2305,31.92875,40.679,33.99475,32.828,25.5015,6.08462430939227,21.7325901639344,4.70995555555556,21.6239615384615,4.88731638418079,20.5301038251366,0.552486187845304,3.06338797814208,1.47348066298342,3.76483516483517,1.43722222222222,4.03606557377049,4.16944444444444,12.7222222222222,6.77586206896552,10.9452380952381,8.04047619047619,12.4140350877193
"76",27,1,0.536827122902799,0.0543189786340745,2007,3,"004B",26.96375,29.56,35.4255,42.19725,37.0015,29.73525,4.84093406593407,21.3327650273224,6.08462430939227,21.7325901639344,4.70995555555556,21.6239615384615,2.07472527472528,3.4672131147541,0.552486187845304,3.06338797814208,1.47348066298342,3.76483516483517,1.43722222222222,4.03606557377049,4.16944444444444,12.7222222222222,6.77586206896552,10.9452380952381
"77",27,2,0.53674755135292,0.054378777888625,2007,8,"001D",53.12025,40.448,37.91875,53.4215,40.259,43.441,4.84093406593407,21.3327650273224,6.08462430939227,21.7325901639344,4.70995555555556,21.6239615384615,2.07472527472528,3.4672131147541,0.552486187845304,3.06338797814208,1.47348066298342,3.76483516483517,1.43722222222222,4.03606557377049,4.16944444444444,12.7222222222222,6.77586206896552,10.9452380952381
"78",27,3,0.536659845654047,0.053923710114938,2007,14,"020B",36.0015,32.2305,31.92875,40.679,33.99475,32.828,4.84093406593407,21.3327650273224,6.08462430939227,21.7325901639344,4.70995555555556,21.6239615384615,2.07472527472528,3.4672131147541,0.552486187845304,3.06338797814208,1.47348066298342,3.76483516483517,1.43722222222222,4.03606557377049,4.16944444444444,12.7222222222222,6.77586206896552,10.9452380952381
"79",28,1,0.575272601251302,0.0535257233827549,2008,3,"004B",41.32125,26.96375,29.56,35.4255,42.19725,37.0015,3.33688524590164,20.0175027322404,4.84093406593407,21.3327650273224,6.08462430939227,21.7325901639344,1.4448087431694,4.85628415300546,2.07472527472528,3.4672131147541,0.552486187845304,3.06338797814208,1.47348066298342,3.76483516483517,1.43722222222222,4.03606557377049,4.16944444444444,12.7222222222222
"80",28,2,0.575112758864221,0.0536947115895781,2008,8,"001D",60.3435,53.12025,40.448,37.91875,53.4215,40.259,3.33688524590164,20.0175027322404,4.84093406593407,21.3327650273224,6.08462430939227,21.7325901639344,1.4448087431694,4.85628415300546,2.07472527472528,3.4672131147541,0.552486187845304,3.06338797814208,1.47348066298342,3.76483516483517,1.43722222222222,4.03606557377049,4.16944444444444,12.7222222222222
"81",28,3,0.575345075380267,0.0535385641234991,2008,14,"020B",49.6465,36.0015,32.2305,31.92875,40.679,33.99475,3.33688524590164,20.0175027322404,4.84093406593407,21.3327650273224,6.08462430939227,21.7325901639344,1.4448087431694,4.85628415300546,2.07472527472528,3.4672131147541,0.552486187845304,3.06338797814208,1.47348066298342,3.76483516483517,1.43722222222222,4.03606557377049,4.16944444444444,12.7222222222222
"82",29,1,0.488210441247007,0.0391708544434474,2009,3,"004B",51.6445,41.32125,26.96375,29.56,35.4255,42.19725,3.98252747252747,19.7739945355191,3.33688524590164,20.0175027322404,4.84093406593407,21.3327650273224,1.25824175824176,3.93770491803279,1.4448087431694,4.85628415300546,2.07472527472528,3.4672131147541,0.552486187845304,3.06338797814208,1.47348066298342,3.76483516483517,1.43722222222222,4.03606557377049
"83",29,2,0.488244815412224,0.0392079485401881,2009,8,"001D",62.38375,60.3435,53.12025,40.448,37.91875,53.4215,3.98252747252747,19.7739945355191,3.33688524590164,20.0175027322404,4.84093406593407,21.3327650273224,1.25824175824176,3.93770491803279,1.4448087431694,4.85628415300546,2.07472527472528,3.4672131147541,0.552486187845304,3.06338797814208,1.47348066298342,3.76483516483517,1.43722222222222,4.03606557377049
"84",29,3,0.487664077585128,0.03951069392741,2009,14,"020B",34.26875,49.6465,36.0015,32.2305,31.92875,40.679,3.98252747252747,19.7739945355191,3.33688524590164,20.0175027322404,4.84093406593407,21.3327650273224,1.25824175824176,3.93770491803279,1.4448087431694,4.85628415300546,2.07472527472528,3.4672131147541,0.552486187845304,3.06338797814208,1.47348066298342,3.76483516483517,1.43722222222222,4.03606557377049
